condition,category,uid,epoch,n_seeds,mean_acc,std_acc
natural_function,island_effects,adjunct_island,10,3,0.8416666666666667,0.03725885427951619
natural_function,anaphor_agreement,anaphor_gender_agreement,10,3,0.909,0.010801234497346443
natural_function,anaphor_agreement,anaphor_number_agreement,10,3,0.968,0.0028284271247461927
natural_function,argument_structure,animate_subject_passive,10,3,0.6836666666666666,0.017461067804945024
natural_function,argument_structure,animate_subject_trans,10,3,0.8405228758169935,0.018761699469813514
natural_function,argument_structure,causative,10,3,0.7579201101928374,0.017740009466103674
natural_function,island_effects,complex_NP_island,10,3,0.5606666666666666,0.01774510887227485
natural_function,island_effects,coordinate_structure_constraint_complex_left_branch,10,3,0.432,0.008981462390204994
natural_function,island_effects,coordinate_structure_constraint_object_extraction,10,3,0.7200854700854701,0.05137100547081753
natural_function,subject_verb_agreement,distractor_agreement_relational_noun,10,3,0.5351583467525496,0.008453041195933224
natural_function,subject_verb_agreement,distractor_agreement_relative_clause,10,3,0.4421965317919075,0.009657966115492972
natural_function,argument_structure,drop_argument,10,3,0.6273546273546273,0.015057146855733164
natural_function,ellipsis,ellipsis_n_bar_1,10,3,0.7543333333333333,0.01347425528760517
natural_function,ellipsis,ellipsis_n_bar_2,10,3,0.8481141692150866,0.0177927658329406
natural_function,control_raising,existential_there_object_raising,10,3,0.7246824579471335,0.018921405807786708
natural_function,control_raising,existential_there_subject_raising,10,3,0.7558940877765687,0.004198707617987013
natural_function,control_raising,expletive_it_object_raising,10,3,0.7504798464491363,0.024429792824103368
natural_function,argument_structure,inchoative,10,3,0.7160184023421163,0.008712951340861424
natural_function,argument_structure,intransitive,10,3,0.7878787878787878,0.0033590378877422634
natural_function,irregular_forms,irregular_past_participle_adjectives,10,3,0.8836666666666667,0.02989239962859384
natural_function,irregular_forms,irregular_past_participle_verbs,10,3,0.8836666666666667,0.016996731711975962
natural_function,subject_verb_agreement,irregular_plural_subject_verb_agreement_1,10,3,0.6236236236236237,0.0018727013947817796
natural_function,subject_verb_agreement,irregular_plural_subject_verb_agreement_2,10,3,0.8079999999999999,0.0128322510366134
natural_function,island_effects,left_branch_island_echo_question,10,3,0.6776666666666666,0.008806563209081894
natural_function,island_effects,left_branch_island_simple_question,10,3,0.4,0.04082482904638631
natural_function,npi_licensing,npi_present_1,10,3,0.36,0.04276291227999638
natural_function,npi_licensing,npi_present_2,10,3,0.4816666666666667,0.02428076513529908
natural_function,npi_licensing,only_npi_licensor_present,10,3,0.7246666666666667,0.03756180092712392
natural_function,npi_licensing,only_npi_scope,10,3,0.49066666666666664,0.059756914988048755
natural_function,argument_structure,passive_1,10,3,0.6140155728587319,0.00471928886220165
natural_function,argument_structure,passive_2,10,3,0.6179941002949852,0.006779047312260411
natural_function,binding,principle_A_c_command,10,3,0.48466666666666663,0.00464279609239471
natural_function,binding,principle_A_case_1,10,3,1.0,0.0
natural_function,binding,principle_A_case_2,10,3,0.9216080402010051,0.009137810182235093
natural_function,binding,principle_A_domain_1,10,3,0.9903333333333333,0.00047140452079103207
natural_function,binding,principle_A_domain_2,10,3,0.719,0.012083045973594584
natural_function,binding,principle_A_domain_3,10,3,0.6046666666666667,0.0020548046676563273
natural_function,binding,principle_A_reconstruction,10,3,0.34003350083752093,0.03295024939614554
natural_function,subject_verb_agreement,regular_plural_subject_verb_agreement_1,10,3,0.7786774628879892,0.013359642289624368
natural_function,subject_verb_agreement,regular_plural_subject_verb_agreement_2,10,3,0.7146666666666667,0.007845734863959886
natural_function,npi_licensing,sentential_negation_npi_licensor_present,10,3,0.9976666666666667,0.0012472191289246482
natural_function,npi_licensing,sentential_negation_npi_scope,10,3,0.32766666666666666,0.03523571420527125
natural_function,island_effects,sentential_subject_island,10,3,0.30466666666666664,0.013274871834493263
natural_function,control_raising,tough_vs_raising_1,10,3,0.5775064742878283,0.013142670860770677
natural_function,control_raising,tough_vs_raising_2,10,3,0.7087155963302753,0.013275042319713588
natural_function,argument_structure,transitive,10,3,0.6437098255280074,0.017068531033462897
natural_function,island_effects,wh_island,10,3,0.535,0.04626733909213569
natural_function,filler_gap,wh_questions_object_gap,10,3,0.44537815126050423,0.02058394741834603
natural_function,filler_gap,wh_questions_subject_gap,10,3,0.6914600550964187,0.04067444369210303
natural_function,filler_gap,wh_questions_subject_gap_long_distance,10,3,0.7893333333333333,0.012119772641798572
natural_function,filler_gap,wh_vs_that_no_gap,10,3,0.6909975669099757,0.014998574216469558
natural_function,filler_gap,wh_vs_that_no_gap_long_distance,10,3,0.945,0.0016329931618554536
natural_function,filler_gap,wh_vs_that_with_gap,10,3,0.7318840579710145,0.022334833344090504
natural_function,filler_gap,wh_vs_that_with_gap_long_distance,10,3,0.20066666666666666,0.007039570693980952
no_function,island_effects,adjunct_island,10,3,0.742,0.0363959704729338
no_function,anaphor_agreement,anaphor_gender_agreement,10,3,0.919,0.02412467616362962
no_function,anaphor_agreement,anaphor_number_agreement,10,3,0.9376666666666666,0.002357022603955108
no_function,argument_structure,animate_subject_passive,10,3,0.521,0.004242640687119289
no_function,argument_structure,animate_subject_trans,10,3,0.7647058823529411,0.008471556468507028
no_function,argument_structure,causative,10,3,0.6136363636363636,0.004463320040225819
no_function,island_effects,complex_NP_island,10,3,0.5036666666666667,0.018006171781426022
no_function,island_effects,coordinate_structure_constraint_complex_left_branch,10,3,0.44433333333333336,0.017987650084309404
no_function,island_effects,coordinate_structure_constraint_object_extraction,10,3,0.32051282051282054,0.04562853953859536
no_function,subject_verb_agreement,distractor_agreement_relational_noun,10,3,0.49382716049382713,0.016334003279337556
no_function,subject_verb_agreement,distractor_agreement_relative_clause,10,3,0.45183044315992293,0.023871891509371607
no_function,argument_structure,drop_argument,10,3,0.6003276003276004,0.010294680663371436
no_function,ellipsis,ellipsis_n_bar_1,10,3,0.5186666666666667,0.006182412330330475
no_function,ellipsis,ellipsis_n_bar_2,10,3,0.8824328916072035,0.00048053467970545535
no_function,control_raising,existential_there_object_raising,10,3,0.6979059388946104,0.009069581059816617
no_function,control_raising,existential_there_subject_raising,10,3,0.6391004715270221,0.012946368006945784
no_function,control_raising,expletive_it_object_raising,10,3,0.6884197056941779,0.015058992061343342
no_function,argument_structure,inchoative,10,3,0.6608113759933082,0.009239114192544744
no_function,argument_structure,intransitive,10,3,0.741106719367589,0.017749925672341904
no_function,irregular_forms,irregular_past_participle_adjectives,10,3,0.582,0.020607442021431614
no_function,irregular_forms,irregular_past_participle_verbs,10,3,0.6,0.02046134567096376
no_function,subject_verb_agreement,irregular_plural_subject_verb_agreement_1,10,3,0.511011011011011,0.011124179565011444
no_function,subject_verb_agreement,irregular_plural_subject_verb_agreement_2,10,3,0.574,0.021740898478827077
no_function,island_effects,left_branch_island_echo_question,10,3,0.638,0.04292629341868065
no_function,island_effects,left_branch_island_simple_question,10,3,0.30133333333333334,0.010338708279513891
no_function,npi_licensing,npi_present_1,10,3,0.40599999999999997,0.026470108928122425
no_function,npi_licensing,npi_present_2,10,3,0.4136666666666667,0.040077702307171045
no_function,npi_licensing,only_npi_licensor_present,10,3,0.6783333333333333,0.04259368758656876
no_function,npi_licensing,only_npi_scope,10,3,0.166,0.0037416573867739447
no_function,argument_structure,passive_1,10,3,0.4375231738969225,0.003189590384517105
no_function,argument_structure,passive_2,10,3,0.4218289085545723,0.0013796671780140022
no_function,binding,principle_A_c_command,10,3,0.3396666666666667,0.01892675942210451
no_function,binding,principle_A_case_1,10,3,0.9343333333333333,0.0024944382578492965
no_function,binding,principle_A_case_2,10,3,0.7051926298157454,0.02426441401974112
no_function,binding,principle_A_domain_1,10,3,0.9966666666666667,0.0009428090415820641
no_function,binding,principle_A_domain_2,10,3,0.7423333333333333,0.03670906639449658
no_function,binding,principle_A_domain_3,10,3,0.638,0.0072571803523590874
no_function,binding,principle_A_reconstruction,10,3,0.1457286432160804,0.0037604596851999366
no_function,subject_verb_agreement,regular_plural_subject_verb_agreement_1,10,3,0.7031039136302294,0.020407190683245636
no_function,subject_verb_agreement,regular_plural_subject_verb_agreement_2,10,3,0.5523333333333333,0.008993825042154659
no_function,npi_licensing,sentential_negation_npi_licensor_present,10,3,0.976,0.01283225103661345
no_function,npi_licensing,sentential_negation_npi_scope,10,3,0.366,0.029063149634316405
no_function,island_effects,sentential_subject_island,10,3,0.359,0.01557776192739722
no_function,control_raising,tough_vs_raising_1,10,3,0.5279319274879763,0.017719467280544618
no_function,control_raising,tough_vs_raising_2,10,3,0.525611620795107,0.016280993454928776
no_function,argument_structure,transitive,10,3,0.45821854912764004,0.005660618919163419
no_function,island_effects,wh_island,10,3,0.702,0.024711670657134154
no_function,filler_gap,wh_questions_object_gap,10,3,0.16246498599439776,0.015845530110622924
no_function,filler_gap,wh_questions_subject_gap,10,3,0.33884297520661155,0.03757074847654505
no_function,filler_gap,wh_questions_subject_gap_long_distance,10,3,0.32366666666666666,0.016006942938057305
no_function,filler_gap,wh_vs_that_no_gap,10,3,0.24330900243309003,0.0248127470247824
no_function,filler_gap,wh_vs_that_no_gap_long_distance,10,3,0.226,0.019096247449869996
no_function,filler_gap,wh_vs_that_with_gap,10,3,0.8514492753623188,0.02561981091255608
no_function,filler_gap,wh_vs_that_with_gap_long_distance,10,3,0.7986666666666667,0.008339997335464543
random_function,argument_structure,animate_subject_passive,10,3,0.5363333333333333,0.011025223605694162
random_function,argument_structure,animate_subject_trans,10,3,0.7738562091503268,0.013330769970177205
random_function,argument_structure,causative,10,3,0.693870523415978,0.0143723393627474
random_function,island_effects,complex_NP_island,10,3,0.5096666666666667,0.012552113589175164
random_function,island_effects,coordinate_structure_constraint_complex_left_branch,10,3,0.47633333333333333,0.07984290130555681
random_function,island_effects,coordinate_structure_constraint_object_extraction,10,3,0.39957264957264954,0.026343649585337504
random_function,control_raising,tough_vs_raising_1,10,3,0.5471698113207547,0.00996832673718647
random_function,subject_verb_agreement,distractor_agreement_relational_noun,10,3,0.46806226516371446,0.016439498476772473
random_function,subject_verb_agreement,distractor_agreement_relative_clause,10,3,0.38391136801541426,0.008287403918152804
random_function,argument_structure,drop_argument,10,3,0.5888615888615889,0.028465433574091353
random_function,ellipsis,ellipsis_n_bar_1,10,3,0.694,0.017682382946499754
random_function,ellipsis,ellipsis_n_bar_2,10,3,0.8338430173292558,0.006606259631404535
random_function,control_raising,existential_there_object_raising,10,3,0.6759354617233093,0.0077677366968656
random_function,control_raising,existential_there_subject_raising,10,3,0.5683714182081973,0.07044295437658973
random_function,control_raising,expletive_it_object_raising,10,3,0.708893154190659,0.01007550591684175
random_function,argument_structure,inchoative,10,3,0.7135089920535341,0.002578173987021735
random_function,argument_structure,intransitive,10,3,0.7266139657444005,0.002464859938586245
random_function,irregular_forms,irregular_past_participle_adjectives,10,3,0.569,0.17658425750898632
random_function,irregular_forms,irregular_past_participle_verbs,10,3,0.8036666666666666,0.013274871834493223
random_function,subject_verb_agreement,irregular_plural_subject_verb_agreement_1,10,3,0.566066066066066,0.008581795895636748
random_function,subject_verb_agreement,irregular_plural_subject_verb_agreement_2,10,3,0.6363333333333333,0.020853989759489423
random_function,island_effects,left_branch_island_echo_question,10,3,0.49566666666666664,0.1499829619953176
random_function,island_effects,left_branch_island_simple_question,10,3,0.386,0.08422588675698225
random_function,npi_licensing,npi_present_1,10,3,0.44966666666666666,0.07020129786707811
random_function,npi_licensing,npi_present_2,10,3,0.4713333333333333,0.0359845645921816
random_function,npi_licensing,only_npi_licensor_present,10,3,0.819,0.11424826767468581
random_function,npi_licensing,only_npi_scope,10,3,0.522,0.026919633479426646
random_function,argument_structure,passive_1,10,3,0.41713014460511677,0.007208832812467038
random_function,argument_structure,passive_2,10,3,0.46497050147492625,0.010699570891258791
random_function,binding,principle_A_c_command,10,3,0.36766666666666664,0.0016996731711975965
random_function,binding,principle_A_case_1,10,3,0.995,0.0029439202887759515
random_function,binding,principle_A_case_2,10,3,0.7393634840871022,0.029419763350217974
random_function,binding,principle_A_domain_1,10,3,0.9823333333333333,0.003299831645537225
random_function,binding,principle_A_domain_2,10,3,0.7733333333333333,0.06325258009669553
random_function,binding,principle_A_domain_3,10,3,0.5663333333333334,0.04094169295745134
random_function,binding,principle_A_reconstruction,10,3,0.20301507537688443,0.016350330776432075
random_function,subject_verb_agreement,regular_plural_subject_verb_agreement_1,10,3,0.7642825011246064,0.015942460770732653
random_function,subject_verb_agreement,regular_plural_subject_verb_agreement_2,10,3,0.5656666666666667,0.0032998316455371836
random_function,npi_licensing,sentential_negation_npi_licensor_present,10,3,0.979,0.006683312551921146
random_function,npi_licensing,sentential_negation_npi_scope,10,3,0.321,0.013952299690970912
random_function,island_effects,sentential_subject_island,10,3,0.2796666666666666,0.05845986277400551
random_function,control_raising,tough_vs_raising_2,10,3,0.5565749235474006,0.018308761490562757
random_function,argument_structure,transitive,10,3,0.573921028466483,0.007488294963406849
random_function,island_effects,wh_island,10,3,0.312,0.0566450939328965
random_function,filler_gap,wh_questions_object_gap,10,3,0.38375350140056025,0.024096149207402297
random_function,filler_gap,wh_questions_subject_gap,10,3,0.7658402203856749,0.03462756223134029
random_function,filler_gap,wh_questions_subject_gap_long_distance,10,3,0.8003333333333333,0.009809292646374783
random_function,filler_gap,wh_vs_that_no_gap,10,3,0.6739659367396593,0.042282596586332766
random_function,filler_gap,wh_vs_that_no_gap_long_distance,10,3,0.768,0.03556215216584432
random_function,filler_gap,wh_vs_that_with_gap,10,3,0.6123188405797102,0.02561981091255608
random_function,filler_gap,wh_vs_that_with_gap_long_distance,10,3,0.37033333333333335,0.01653951497340705
random_function,island_effects,adjunct_island,10,3,0.8109999999999999,0.027276363393971687
random_function,anaphor_agreement,anaphor_gender_agreement,10,3,0.8066666666666666,0.09281642574937313
random_function,anaphor_agreement,anaphor_number_agreement,10,3,0.9206666666666666,0.025037749277618537
five_function,island_effects,adjunct_island,10,3,0.8223333333333334,0.0309228430488243
five_function,anaphor_agreement,anaphor_gender_agreement,10,3,0.749,0.10859404526338758
five_function,anaphor_agreement,anaphor_number_agreement,10,3,0.89,0.046108567533594005
five_function,argument_structure,animate_subject_passive,10,3,0.5476666666666667,0.015456030825826186
five_function,argument_structure,animate_subject_trans,10,3,0.803921568627451,0.0230895708923604
five_function,argument_structure,causative,10,3,0.7217630853994491,0.020735632530750125
five_function,island_effects,complex_NP_island,10,3,0.5636666666666666,0.01371941041817108
five_function,island_effects,coordinate_structure_constraint_complex_left_branch,10,3,0.433,0.06116098974564315
five_function,island_effects,coordinate_structure_constraint_object_extraction,10,3,0.7115384615384616,0.027196414661021014
five_function,subject_verb_agreement,distractor_agreement_relational_noun,10,3,0.4820182501341922,0.015686139770480365
five_function,subject_verb_agreement,distractor_agreement_relative_clause,10,3,0.4238921001926782,0.01571243394055885
five_function,argument_structure,drop_argument,10,3,0.6257166257166257,0.023765140259700123
five_function,ellipsis,ellipsis_n_bar_1,10,3,0.7186666666666667,0.011813363431112911
five_function,ellipsis,ellipsis_n_bar_2,10,3,0.8436969079170914,0.011780452479347388
five_function,control_raising,existential_there_object_raising,10,3,0.6924133196017851,0.01728075928411014
five_function,control_raising,existential_there_subject_raising,10,3,0.5531374682626042,0.06548352724875724
five_function,control_raising,expletive_it_object_raising,10,3,0.6967370441458733,0.00565051878843754
five_function,argument_structure,inchoative,10,3,0.7055625261396905,0.00946357883645732
five_function,argument_structure,intransitive,10,3,0.7509881422924901,0.006454518426306097
five_function,irregular_forms,irregular_past_participle_adjectives,10,3,0.7693333333333333,0.044191502451137454
five_function,irregular_forms,irregular_past_participle_verbs,10,3,0.86,0.0032659863237109073
five_function,subject_verb_agreement,irregular_plural_subject_verb_agreement_1,10,3,0.5705705705705706,0.007355825053402953
five_function,subject_verb_agreement,irregular_plural_subject_verb_agreement_2,10,3,0.644,0.03424422092363424
five_function,island_effects,left_branch_island_echo_question,10,3,0.4746666666666666,0.0812417517180804
five_function,island_effects,left_branch_island_simple_question,10,3,0.33133333333333337,0.056605849717341256
five_function,npi_licensing,npi_present_1,10,3,0.4573333333333333,0.07576425425107955
five_function,npi_licensing,npi_present_2,10,3,0.48,0.01576916823001982
five_function,npi_licensing,only_npi_licensor_present,10,3,0.784,0.18471780278756747
five_function,npi_licensing,only_npi_scope,10,3,0.5333333333333333,0.04873283173476468
five_function,argument_structure,passive_1,10,3,0.41008527994067484,0.02015228511931952
five_function,argument_structure,passive_2,10,3,0.48488200589970504,0.009400847185827399
five_function,binding,principle_A_c_command,10,3,0.41133333333333333,0.02458093208611549
five_function,binding,principle_A_case_1,10,3,1.0,0.0
five_function,binding,principle_A_case_2,10,3,0.8814070351758794,0.007106600815945232
five_function,binding,principle_A_domain_1,10,3,0.9906666666666667,0.003299831645537225
five_function,binding,principle_A_domain_2,10,3,0.8009999999999999,0.04613747572924493
five_function,binding,principle_A_domain_3,10,3,0.5586666666666666,0.045257289161219336
five_function,binding,principle_A_reconstruction,10,3,0.30452261306532663,0.021757497998163514
five_function,subject_verb_agreement,regular_plural_subject_verb_agreement_1,10,3,0.7692307692307692,0.026810012461990707
five_function,subject_verb_agreement,regular_plural_subject_verb_agreement_2,10,3,0.5673333333333334,0.00946337971105222
five_function,npi_licensing,sentential_negation_npi_licensor_present,10,3,0.9966666666666667,0.004027681991198194
five_function,npi_licensing,sentential_negation_npi_scope,10,3,0.32666666666666666,0.04322293629801452
five_function,island_effects,sentential_subject_island,10,3,0.313,0.028600699292150183
five_function,control_raising,tough_vs_raising_1,10,3,0.5153533111357751,0.01734474016978328
five_function,control_raising,tough_vs_raising_2,10,3,0.6475535168195719,0.011556740411185738
five_function,argument_structure,transitive,10,3,0.6216712580348944,0.0169196747223951
five_function,island_effects,wh_island,10,3,0.289,0.06344026061316793
five_function,filler_gap,wh_questions_object_gap,10,3,0.7450980392156863,0.024096149207402322
five_function,filler_gap,wh_questions_subject_gap,10,3,0.8980716253443526,0.007791810261008762
five_function,filler_gap,wh_questions_subject_gap_long_distance,10,3,0.9403333333333334,0.007586537784493983
five_function,filler_gap,wh_vs_that_no_gap,10,3,0.9635036496350365,0.005959829057866606
five_function,filler_gap,wh_vs_that_no_gap_long_distance,10,3,0.986,0.00489897948556636
five_function,filler_gap,wh_vs_that_with_gap,10,3,0.49637681159420294,0.05123962182511216
five_function,filler_gap,wh_vs_that_with_gap_long_distance,10,3,0.10166666666666667,0.006798692684790379
within_boundary,island_effects,adjunct_island,10,3,0.752,0.04526219909225214
within_boundary,anaphor_agreement,anaphor_gender_agreement,10,3,0.7676666666666667,0.11623061367624091
within_boundary,anaphor_agreement,anaphor_number_agreement,10,3,0.9393333333333334,0.03466346139028176
within_boundary,argument_structure,animate_subject_passive,10,3,0.6893333333333334,0.01442990721460887
within_boundary,argument_structure,animate_subject_trans,10,3,0.8117647058823529,0.01999615495526584
within_boundary,argument_structure,causative,10,3,0.7462121212121212,0.0025768990267038276
within_boundary,island_effects,complex_NP_island,10,3,0.394,0.013952299690970888
within_boundary,island_effects,coordinate_structure_constraint_complex_left_branch,10,3,0.429,0.0073484692283495405
within_boundary,island_effects,coordinate_structure_constraint_object_extraction,10,3,0.48717948717948717,0.06280742930213278
within_boundary,subject_verb_agreement,distractor_agreement_relational_noun,10,3,0.6924315619967794,0.03664994098789386
within_boundary,subject_verb_agreement,distractor_agreement_relative_clause,10,3,0.41522157996146436,0.007493424463441245
within_boundary,argument_structure,drop_argument,10,3,0.6576576576576577,0.0061288409283766455
within_boundary,ellipsis,ellipsis_n_bar_1,10,3,0.6866666666666666,0.024390344173235594
within_boundary,ellipsis,ellipsis_n_bar_2,10,3,0.7733605164797825,0.007997690992823549
within_boundary,control_raising,existential_there_object_raising,10,3,0.8135942327497425,0.018249274095437043
within_boundary,control_raising,existential_there_subject_raising,10,3,0.5371780921291258,0.0961196542567051
within_boundary,control_raising,expletive_it_object_raising,10,3,0.7172104926423545,0.009575578724949295
within_boundary,argument_structure,inchoative,10,3,0.7080719364282727,0.006002802214306724
within_boundary,argument_structure,intransitive,10,3,0.7582345191040843,0.019452994809266693
within_boundary,irregular_forms,irregular_past_participle_adjectives,10,3,0.804,0.06778397057318691
within_boundary,irregular_forms,irregular_past_participle_verbs,10,3,0.7946666666666666,0.04260151275352658
within_boundary,subject_verb_agreement,irregular_plural_subject_verb_agreement_1,10,3,0.7317317317317318,0.039996222270284404
within_boundary,subject_verb_agreement,irregular_plural_subject_verb_agreement_2,10,3,0.799,0.03828837943815328
within_boundary,island_effects,left_branch_island_echo_question,10,3,0.5563333333333333,0.029780679792256043
within_boundary,island_effects,left_branch_island_simple_question,10,3,0.44466666666666665,0.0447536466546458
within_boundary,npi_licensing,npi_present_1,10,3,0.4623333333333333,0.11296410442653403
within_boundary,npi_licensing,npi_present_2,10,3,0.5083333333333333,0.026449112566503185
within_boundary,npi_licensing,only_npi_licensor_present,10,3,0.61,0.15840033669997886
within_boundary,npi_licensing,only_npi_scope,10,3,0.4776666666666667,0.047062606057132986
within_boundary,argument_structure,passive_1,10,3,0.700037078235076,0.026855497163117265
within_boundary,argument_structure,passive_2,10,3,0.7050147492625369,0.03579166193914382
within_boundary,binding,principle_A_c_command,10,3,0.43,0.018457157599876185
within_boundary,binding,principle_A_case_1,10,3,0.9953333333333333,0.0009428090415820641
within_boundary,binding,principle_A_case_2,10,3,0.8676716917922949,0.005013946246933249
within_boundary,binding,principle_A_domain_1,10,3,0.9846666666666667,0.004921607686744471
within_boundary,binding,principle_A_domain_2,10,3,0.8196666666666667,0.0710977417988004
within_boundary,binding,principle_A_domain_3,10,3,0.5583333333333333,0.024580932086115465
within_boundary,binding,principle_A_reconstruction,10,3,0.19865996649916248,0.08290222062534722
within_boundary,subject_verb_agreement,regular_plural_subject_verb_agreement_1,10,3,0.7759784075573549,0.035346291103127675
within_boundary,subject_verb_agreement,regular_plural_subject_verb_agreement_2,10,3,0.7716666666666667,0.03227313984655905
within_boundary,npi_licensing,sentential_negation_npi_licensor_present,10,3,0.963,0.022226110770892888
within_boundary,npi_licensing,sentential_negation_npi_scope,10,3,0.18566666666666667,0.019955506062794347
within_boundary,island_effects,sentential_subject_island,10,3,0.35733333333333334,0.029227080289043965
within_boundary,control_raising,tough_vs_raising_1,10,3,0.5260821309655938,0.02609196845357819
within_boundary,control_raising,tough_vs_raising_2,10,3,0.7163608562691132,0.00727304953763016
within_boundary,argument_structure,transitive,10,3,0.6900826446280992,0.002249301875833933
within_boundary,island_effects,wh_island,10,3,0.5956666666666667,0.0068475461947247185
within_boundary,filler_gap,wh_questions_object_gap,10,3,0.5434173669467787,0.014282967825189874
within_boundary,filler_gap,wh_questions_subject_gap,10,3,0.9228650137741047,0.016981856757490286
within_boundary,filler_gap,wh_questions_subject_gap_long_distance,10,3,0.9033333333333333,0.012970050972229157
within_boundary,filler_gap,wh_vs_that_no_gap,10,3,0.9124087591240876,0.03153645108714288
within_boundary,filler_gap,wh_vs_that_no_gap_long_distance,10,3,0.964,0.004082482904638634
within_boundary,filler_gap,wh_vs_that_with_gap,10,3,0.3333333333333333,0.04554277206513239
within_boundary,filler_gap,wh_vs_that_with_gap_long_distance,10,3,0.095,0.005354126134736342
more_function,argument_structure,animate_subject_passive,10,3,0.5726666666666667,0.08720219161364136
more_function,argument_structure,animate_subject_trans,10,3,0.6993464052287581,0.11826995593482377
more_function,argument_structure,causative,10,3,0.6201790633608816,0.12383582751003158
more_function,island_effects,complex_NP_island,10,3,0.498,0.07990410919762929
more_function,island_effects,coordinate_structure_constraint_complex_left_branch,10,3,0.39166666666666666,0.12447846757125866
more_function,island_effects,coordinate_structure_constraint_object_extraction,10,3,0.576923076923077,0.18805846774092416
more_function,control_raising,tough_vs_raising_1,10,3,0.6141324454310026,0.05755929537412136
more_function,subject_verb_agreement,distractor_agreement_relational_noun,10,3,0.48040794417606014,0.01405883076082534
more_function,subject_verb_agreement,distractor_agreement_relative_clause,10,3,0.43834296724470134,0.022147522028078313
more_function,argument_structure,drop_argument,10,3,0.6003276003276004,0.025083362540726527
more_function,ellipsis,ellipsis_n_bar_1,10,3,0.64,0.043977266854592086
more_function,ellipsis,ellipsis_n_bar_2,10,3,0.6894325518178729,0.20278734289015782
more_function,control_raising,existential_there_object_raising,10,3,0.6426364572605562,0.07451183965741853
more_function,control_raising,existential_there_subject_raising,10,3,0.5778019586507073,0.06758737825144519
more_function,control_raising,expletive_it_object_raising,10,3,0.6461932181701856,0.08678133548583361
more_function,argument_structure,inchoative,10,3,0.6244249268088665,0.14610836536300612
more_function,argument_structure,intransitive,10,3,0.6534914361001317,0.14075931938220632
more_function,irregular_forms,irregular_past_participle_adjectives,10,3,0.5293333333333333,0.011145502331533668
more_function,irregular_forms,irregular_past_participle_verbs,10,3,0.729,0.1434317491584993
more_function,subject_verb_agreement,irregular_plural_subject_verb_agreement_1,10,3,0.536036036036036,0.024148824988618228
more_function,subject_verb_agreement,irregular_plural_subject_verb_agreement_2,10,3,0.5966666666666667,0.07586977146546722
more_function,island_effects,left_branch_island_echo_question,10,3,0.483,0.18598028569358277
more_function,island_effects,left_branch_island_simple_question,10,3,0.43066666666666664,0.1477031557625707
more_function,npi_licensing,npi_present_1,10,3,0.443,0.062375208750485696
more_function,npi_licensing,npi_present_2,10,3,0.492,0.02906314963431642
more_function,npi_licensing,only_npi_licensor_present,10,3,0.5836666666666667,0.15701450746843604
more_function,npi_licensing,only_npi_scope,10,3,0.445,0.06806369565830721
more_function,argument_structure,passive_1,10,3,0.5702632554690397,0.011818596552101782
more_function,argument_structure,passive_2,10,3,0.5383480825958702,0.042559354215420474
more_function,binding,principle_A_c_command,10,3,0.4493333333333333,0.032601976763516796
more_function,binding,principle_A_case_1,10,3,0.965,0.04808326112068522
more_function,binding,principle_A_case_2,10,3,0.754103852596315,0.22054494694569884
more_function,binding,principle_A_domain_1,10,3,0.9163333333333333,0.09853707706013788
more_function,binding,principle_A_domain_2,10,3,0.7126666666666667,0.20080227975686818
more_function,binding,principle_A_domain_3,10,3,0.519,0.013441230102437312
more_function,binding,principle_A_reconstruction,10,3,0.3155778894472362,0.08537785552679837
more_function,subject_verb_agreement,regular_plural_subject_verb_agreement_1,10,3,0.7143499775078722,0.06729921259839158
more_function,subject_verb_agreement,regular_plural_subject_verb_agreement_2,10,3,0.585,0.06021627686929839
more_function,npi_licensing,sentential_negation_npi_licensor_present,10,3,0.9493333333333334,0.06111373731730771
more_function,npi_licensing,sentential_negation_npi_scope,10,3,0.462,0.1433899113141042
more_function,island_effects,sentential_subject_island,10,3,0.4176666666666667,0.0602734509455771
more_function,control_raising,tough_vs_raising_2,10,3,0.5386085626911314,0.16723820444578763
more_function,argument_structure,transitive,10,3,0.5945821854912764,0.003615246957764862
more_function,island_effects,wh_island,10,3,0.467,0.055395547354157165
more_function,filler_gap,wh_questions_object_gap,10,3,0.3585434173669468,0.12694979488655078
more_function,filler_gap,wh_questions_subject_gap,10,3,0.46831955922865015,0.04285495643554835
more_function,filler_gap,wh_questions_subject_gap_long_distance,10,3,0.5986666666666667,0.05552376868413103
more_function,filler_gap,wh_vs_that_no_gap,10,3,0.44525547445255476,0.010322726732650316
more_function,filler_gap,wh_vs_that_no_gap_long_distance,10,3,0.7323333333333334,0.12936339856732615
more_function,filler_gap,wh_vs_that_with_gap,10,3,0.7644927536231884,0.21008244948295976
more_function,filler_gap,wh_vs_that_with_gap_long_distance,10,3,0.38133333333333336,0.04333846123505335
more_function,island_effects,adjunct_island,10,3,0.7043333333333334,0.11517040514916244
more_function,anaphor_agreement,anaphor_gender_agreement,10,3,0.643,0.029810512687081854
more_function,anaphor_agreement,anaphor_number_agreement,10,3,0.7696666666666666,0.13777356624387554
bigram_function,island_effects,adjunct_island,10,3,0.8150000000000001,0.017107503227141753
bigram_function,anaphor_agreement,anaphor_gender_agreement,10,3,0.9,0.008981462390204994
bigram_function,anaphor_agreement,anaphor_number_agreement,10,3,0.9446666666666667,0.005436502143433369
bigram_function,argument_structure,animate_subject_passive,10,3,0.5783333333333333,0.007133644853010906
bigram_function,argument_structure,animate_subject_trans,10,3,0.8431372549019608,0.01154478544618015
bigram_function,argument_structure,causative,10,3,0.6601239669421488,0.014994174281733613
bigram_function,island_effects,complex_NP_island,10,3,0.46699999999999997,0.005887840577551878
bigram_function,island_effects,coordinate_structure_constraint_complex_left_branch,10,3,0.5936666666666667,0.022291004663067337
bigram_function,island_effects,coordinate_structure_constraint_object_extraction,10,3,0.32905982905982906,0.019815424135674588
bigram_function,subject_verb_agreement,distractor_agreement_relational_noun,10,3,0.4782608695652174,0.011686280760642626
bigram_function,subject_verb_agreement,distractor_agreement_relative_clause,10,3,0.4046242774566474,0.0062434881487551525
bigram_function,argument_structure,drop_argument,10,3,0.6027846027846028,0.014232716787045656
bigram_function,ellipsis,ellipsis_n_bar_1,10,3,0.676,0.024657656011875886
bigram_function,ellipsis,ellipsis_n_bar_2,10,3,0.7465171593611961,0.006675801122795969
bigram_function,control_raising,existential_there_object_raising,10,3,0.7387572948849983,0.005068596999736863
bigram_function,control_raising,existential_there_subject_raising,10,3,0.6775480594849475,0.00666839909715279
bigram_function,control_raising,expletive_it_object_raising,10,3,0.6826615483045425,0.006333649991434195
bigram_function,argument_structure,inchoative,10,3,0.6771225428690925,0.010954245799840084
bigram_function,argument_structure,intransitive,10,3,0.7193675889328064,0.01058127694611923
bigram_function,irregular_forms,irregular_past_participle_adjectives,10,3,0.8406666666666667,0.01613140484341716
bigram_function,irregular_forms,irregular_past_participle_verbs,10,3,0.8343333333333333,0.014383632673594292
bigram_function,subject_verb_agreement,irregular_plural_subject_verb_agreement_1,10,3,0.5680680680680681,0.010988237437487563
bigram_function,subject_verb_agreement,irregular_plural_subject_verb_agreement_2,10,3,0.6126666666666667,0.015860503004493775
bigram_function,island_effects,left_branch_island_echo_question,10,3,0.615,0.014445299120013648
bigram_function,island_effects,left_branch_island_simple_question,10,3,0.4126666666666667,0.008730533902472524
bigram_function,npi_licensing,npi_present_1,10,3,0.38866666666666666,0.014267289706021785
bigram_function,npi_licensing,npi_present_2,10,3,0.439,0.019815818596935816
bigram_function,npi_licensing,only_npi_licensor_present,10,3,0.6263333333333333,0.011145502331533668
bigram_function,npi_licensing,only_npi_scope,10,3,0.481,0.027580186124583468
bigram_function,argument_structure,passive_1,10,3,0.4779384501297738,0.005321727880759122
bigram_function,argument_structure,passive_2,10,3,0.5243362831858407,0.0027096125473265063
bigram_function,binding,principle_A_c_command,10,3,0.37933333333333336,0.004496912521077351
bigram_function,binding,principle_A_case_1,10,3,0.9943333333333333,0.0016996731711975965
bigram_function,binding,principle_A_case_2,10,3,0.7326633165829146,0.032690363753347954
bigram_function,binding,principle_A_domain_1,10,3,0.986,0.0029439202887759515
bigram_function,binding,principle_A_domain_2,10,3,0.693,0.017378147196982743
bigram_function,binding,principle_A_domain_3,10,3,0.617,0.005887840577551903
bigram_function,binding,principle_A_reconstruction,10,3,0.2984924623115578,0.008527920979134232
bigram_function,subject_verb_agreement,regular_plural_subject_verb_agreement_1,10,3,0.7912730544309492,0.010702093795204978
bigram_function,subject_verb_agreement,regular_plural_subject_verb_agreement_2,10,3,0.5576666666666666,0.007586537784494004
bigram_function,npi_licensing,sentential_negation_npi_licensor_present,10,3,0.9953333333333333,0.0030912061651652374
bigram_function,npi_licensing,sentential_negation_npi_scope,10,3,0.3606666666666667,0.01713346303452852
bigram_function,island_effects,sentential_subject_island,10,3,0.28733333333333333,0.013424687043734831
bigram_function,control_raising,tough_vs_raising_1,10,3,0.4728079911209767,0.029406528966685407
bigram_function,control_raising,tough_vs_raising_2,10,3,0.5672782874617737,0.012184539335251697
bigram_function,argument_structure,transitive,10,3,0.5904499540863177,0.003949644291571472
bigram_function,island_effects,wh_island,10,3,0.44533333333333336,0.016213848676020427
bigram_function,filler_gap,wh_questions_object_gap,10,3,0.7086834733893558,0.010480833016173507
bigram_function,filler_gap,wh_questions_subject_gap,10,3,0.9256198347107438,0.017853280160903224
bigram_function,filler_gap,wh_questions_subject_gap_long_distance,10,3,0.906,0.01098483803552273
bigram_function,filler_gap,wh_vs_that_no_gap,10,3,0.9635036496350365,0.010322726732650368
bigram_function,filler_gap,wh_vs_that_no_gap_long_distance,10,3,0.9806666666666667,0.007133644853010906
bigram_function,filler_gap,wh_vs_that_with_gap,10,3,0.11231884057971014,0.028529014036274683
bigram_function,filler_gap,wh_vs_that_with_gap_long_distance,10,3,0.05533333333333333,0.00679869268479038
natural_function,overall,overall,10,3,0.6734180816362548,0.001706262097069575
no_function,overall,overall,10,3,0.5645771726561559,0.0024194135758814615
random_function,overall,overall,10,3,0.6072531971963698,0.011179814724205813
five_function,overall,overall,10,3,0.6418588639314353,0.003941855605371827
within_boundary,overall,overall,10,3,0.6570449500038733,0.009742925183942522
more_function,overall,overall,10,3,0.5846195265062936,0.051909357118154205
bigram_function,overall,overall,10,3,0.6254888640785372,0.004034721022813124
