condition,seed,category,uid,epoch,accuracy
natural_function,42,island_effects,adjunct_island,10,0.892
natural_function,42,anaphor_agreement,anaphor_gender_agreement,10,0.899
natural_function,42,anaphor_agreement,anaphor_number_agreement,10,0.972
natural_function,42,argument_structure,animate_subject_passive,10,0.659
natural_function,42,argument_structure,animate_subject_trans,10,0.8313725490196079
natural_function,42,argument_structure,causative,10,0.7789256198347108
natural_function,42,island_effects,complex_NP_island,10,0.569
natural_function,42,island_effects,coordinate_structure_constraint_complex_left_branch,10,0.421
natural_function,42,island_effects,coordinate_structure_constraint_object_extraction,10,0.7564102564102564
natural_function,42,subject_verb_agreement,distractor_agreement_relational_noun,10,0.5233494363929146
natural_function,42,subject_verb_agreement,distractor_agreement_relative_clause,10,0.4393063583815029
natural_function,42,argument_structure,drop_argument,10,0.6461916461916462
natural_function,42,ellipsis,ellipsis_n_bar_1,10,0.759
natural_function,42,ellipsis,ellipsis_n_bar_2,10,0.855249745158002
natural_function,42,control_raising,existential_there_object_raising,10,0.7064881565396498
natural_function,42,control_raising,existential_there_subject_raising,10,0.7540805223068553
natural_function,42,control_raising,expletive_it_object_raising,10,0.7332053742802304
natural_function,42,argument_structure,inchoative,10,0.7164366373902133
natural_function,42,argument_structure,intransitive,10,0.7865612648221344
natural_function,42,irregular_forms,irregular_past_participle_adjectives,10,0.843
natural_function,42,irregular_forms,irregular_past_participle_verbs,10,0.907
natural_function,42,subject_verb_agreement,irregular_plural_subject_verb_agreement_1,10,0.6231231231231231
natural_function,42,subject_verb_agreement,irregular_plural_subject_verb_agreement_2,10,0.815
natural_function,42,island_effects,left_branch_island_echo_question,10,0.67
natural_function,42,island_effects,left_branch_island_simple_question,10,0.4
natural_function,42,npi_licensing,npi_present_1,10,0.319
natural_function,42,npi_licensing,npi_present_2,10,0.464
natural_function,42,npi_licensing,only_npi_licensor_present,10,0.745
natural_function,42,npi_licensing,only_npi_scope,10,0.466
natural_function,42,argument_structure,passive_1,10,0.6173526140155728
natural_function,42,argument_structure,passive_2,10,0.6261061946902655
natural_function,42,binding,principle_A_c_command,10,0.491
natural_function,42,binding,principle_A_case_1,10,1.0
natural_function,42,binding,principle_A_case_2,10,0.9195979899497487
natural_function,42,binding,principle_A_domain_1,10,0.991
natural_function,42,binding,principle_A_domain_2,10,0.726
natural_function,42,binding,principle_A_domain_3,10,0.605
natural_function,42,binding,principle_A_reconstruction,10,0.36180904522613067
natural_function,42,subject_verb_agreement,regular_plural_subject_verb_agreement_1,10,0.796221322537112
natural_function,42,subject_verb_agreement,regular_plural_subject_verb_agreement_2,10,0.725
natural_function,42,npi_licensing,sentential_negation_npi_licensor_present,10,0.998
natural_function,42,npi_licensing,sentential_negation_npi_scope,10,0.278
natural_function,42,island_effects,sentential_subject_island,10,0.308
natural_function,42,control_raising,tough_vs_raising_1,10,0.5771365149833518
natural_function,42,control_raising,tough_vs_raising_2,10,0.7029816513761468
natural_function,42,argument_structure,transitive,10,0.662534435261708
natural_function,42,island_effects,wh_island,10,0.574
natural_function,42,filler_gap,wh_questions_object_gap,10,0.47058823529411764
natural_function,42,filler_gap,wh_questions_subject_gap,10,0.743801652892562
natural_function,42,filler_gap,wh_questions_subject_gap_long_distance,10,0.773
natural_function,42,filler_gap,wh_vs_that_no_gap,10,0.6715328467153284
natural_function,42,filler_gap,wh_vs_that_no_gap_long_distance,10,0.947
natural_function,42,filler_gap,wh_vs_that_with_gap,10,0.7608695652173914
natural_function,42,filler_gap,wh_vs_that_with_gap_long_distance,10,0.193
natural_function,53,island_effects,adjunct_island,10,0.83
natural_function,53,anaphor_agreement,anaphor_gender_agreement,10,0.904
natural_function,53,anaphor_agreement,anaphor_number_agreement,10,0.966
natural_function,53,argument_structure,animate_subject_passive,10,0.697
natural_function,53,argument_structure,animate_subject_trans,10,0.8235294117647058
natural_function,53,argument_structure,causative,10,0.7355371900826446
natural_function,53,island_effects,complex_NP_island,10,0.577
natural_function,53,island_effects,coordinate_structure_constraint_complex_left_branch,10,0.443
natural_function,53,island_effects,coordinate_structure_constraint_object_extraction,10,0.6474358974358975
natural_function,53,subject_verb_agreement,distractor_agreement_relational_noun,10,0.5394524959742351
natural_function,53,subject_verb_agreement,distractor_agreement_relative_clause,10,0.4320809248554913
natural_function,53,argument_structure,drop_argument,10,0.6093366093366094
natural_function,53,ellipsis,ellipsis_n_bar_1,10,0.768
natural_function,53,ellipsis,ellipsis_n_bar_2,10,0.8654434250764526
natural_function,53,control_raising,existential_there_object_raising,10,0.7507723995880535
natural_function,53,control_raising,existential_there_subject_raising,10,0.7616974972796517
natural_function,53,control_raising,expletive_it_object_raising,10,0.7850287907869482
natural_function,53,argument_structure,inchoative,10,0.726474278544542
natural_function,53,argument_structure,intransitive,10,0.7845849802371542
natural_function,53,irregular_forms,irregular_past_participle_adjectives,10,0.914
natural_function,53,irregular_forms,irregular_past_participle_verbs,10,0.867
natural_function,53,subject_verb_agreement,irregular_plural_subject_verb_agreement_1,10,0.6216216216216216
natural_function,53,subject_verb_agreement,irregular_plural_subject_verb_agreement_2,10,0.79
natural_function,53,island_effects,left_branch_island_echo_question,10,0.673
natural_function,53,island_effects,left_branch_island_simple_question,10,0.45
natural_function,53,npi_licensing,npi_present_1,10,0.419
natural_function,53,npi_licensing,npi_present_2,10,0.516
natural_function,53,npi_licensing,only_npi_licensor_present,10,0.757
natural_function,53,npi_licensing,only_npi_scope,10,0.433
natural_function,53,argument_structure,passive_1,10,0.6173526140155728
natural_function,53,argument_structure,passive_2,10,0.6095132743362832
natural_function,53,binding,principle_A_c_command,10,0.483
natural_function,53,binding,principle_A_case_1,10,1.0
natural_function,53,binding,principle_A_case_2,10,0.9115577889447236
natural_function,53,binding,principle_A_domain_1,10,0.99
natural_function,53,binding,principle_A_domain_2,10,0.702
natural_function,53,binding,principle_A_domain_3,10,0.602
natural_function,53,binding,principle_A_reconstruction,10,0.36482412060301506
natural_function,53,subject_verb_agreement,regular_plural_subject_verb_agreement_1,10,0.7759784075573549
natural_function,53,subject_verb_agreement,regular_plural_subject_verb_agreement_2,10,0.706
natural_function,53,npi_licensing,sentential_negation_npi_licensor_present,10,0.996
natural_function,53,npi_licensing,sentential_negation_npi_scope,10,0.356
natural_function,53,island_effects,sentential_subject_island,10,0.287
natural_function,53,control_raising,tough_vs_raising_1,10,0.5615982241953386
natural_function,53,control_raising,tough_vs_raising_2,10,0.6961009174311926
natural_function,53,argument_structure,transitive,10,0.6473829201101928
natural_function,53,island_effects,wh_island,10,0.561
natural_function,53,filler_gap,wh_questions_object_gap,10,0.42016806722689076
natural_function,53,filler_gap,wh_questions_subject_gap,10,0.6446280991735537
natural_function,53,filler_gap,wh_questions_subject_gap_long_distance,10,0.793
natural_function,53,filler_gap,wh_vs_that_no_gap,10,0.6934306569343066
natural_function,53,filler_gap,wh_vs_that_no_gap_long_distance,10,0.945
natural_function,53,filler_gap,wh_vs_that_with_gap,10,0.7282608695652174
natural_function,53,filler_gap,wh_vs_that_with_gap_long_distance,10,0.199
natural_function,67,island_effects,adjunct_island,10,0.803
natural_function,67,anaphor_agreement,anaphor_gender_agreement,10,0.924
natural_function,67,anaphor_agreement,anaphor_number_agreement,10,0.966
natural_function,67,argument_structure,animate_subject_passive,10,0.695
natural_function,67,argument_structure,animate_subject_trans,10,0.8666666666666667
natural_function,67,argument_structure,causative,10,0.7592975206611571
natural_function,67,island_effects,complex_NP_island,10,0.536
natural_function,67,island_effects,coordinate_structure_constraint_complex_left_branch,10,0.432
natural_function,67,island_effects,coordinate_structure_constraint_object_extraction,10,0.7564102564102564
natural_function,67,subject_verb_agreement,distractor_agreement_relational_noun,10,0.5426731078904992
natural_function,67,subject_verb_agreement,distractor_agreement_relative_clause,10,0.4552023121387283
natural_function,67,argument_structure,drop_argument,10,0.6265356265356266
natural_function,67,ellipsis,ellipsis_n_bar_1,10,0.736
natural_function,67,ellipsis,ellipsis_n_bar_2,10,0.8236493374108053
natural_function,67,control_raising,existential_there_object_raising,10,0.7167868177136972
natural_function,67,control_raising,existential_there_subject_raising,10,0.7519042437431991
natural_function,67,control_raising,expletive_it_object_raising,10,0.7332053742802304
natural_function,67,argument_structure,inchoative,10,0.7051442910915935
natural_function,67,argument_structure,intransitive,10,0.7924901185770751
natural_function,67,irregular_forms,irregular_past_participle_adjectives,10,0.894
natural_function,67,irregular_forms,irregular_past_participle_verbs,10,0.877
natural_function,67,subject_verb_agreement,irregular_plural_subject_verb_agreement_1,10,0.6261261261261262
natural_function,67,subject_verb_agreement,irregular_plural_subject_verb_agreement_2,10,0.819
natural_function,67,island_effects,left_branch_island_echo_question,10,0.69
natural_function,67,island_effects,left_branch_island_simple_question,10,0.35
natural_function,67,npi_licensing,npi_present_1,10,0.342
natural_function,67,npi_licensing,npi_present_2,10,0.465
natural_function,67,npi_licensing,only_npi_licensor_present,10,0.672
natural_function,67,npi_licensing,only_npi_scope,10,0.573
natural_function,67,argument_structure,passive_1,10,0.60734149054505
natural_function,67,argument_structure,passive_2,10,0.6183628318584071
natural_function,67,binding,principle_A_c_command,10,0.48
natural_function,67,binding,principle_A_case_1,10,1.0
natural_function,67,binding,principle_A_case_2,10,0.9336683417085427
natural_function,67,binding,principle_A_domain_1,10,0.99
natural_function,67,binding,principle_A_domain_2,10,0.729
natural_function,67,binding,principle_A_domain_3,10,0.607
natural_function,67,binding,principle_A_reconstruction,10,0.29346733668341707
natural_function,67,subject_verb_agreement,regular_plural_subject_verb_agreement_1,10,0.7638326585695007
natural_function,67,subject_verb_agreement,regular_plural_subject_verb_agreement_2,10,0.713
natural_function,67,npi_licensing,sentential_negation_npi_licensor_present,10,0.999
natural_function,67,npi_licensing,sentential_negation_npi_scope,10,0.349
natural_function,67,island_effects,sentential_subject_island,10,0.319
natural_function,67,control_raising,tough_vs_raising_1,10,0.5937846836847946
natural_function,67,control_raising,tough_vs_raising_2,10,0.7270642201834863
natural_function,67,argument_structure,transitive,10,0.6212121212121212
natural_function,67,island_effects,wh_island,10,0.47
natural_function,67,filler_gap,wh_questions_object_gap,10,0.44537815126050423
natural_function,67,filler_gap,wh_questions_subject_gap,10,0.6859504132231405
natural_function,67,filler_gap,wh_questions_subject_gap_long_distance,10,0.802
natural_function,67,filler_gap,wh_vs_that_no_gap,10,0.708029197080292
natural_function,67,filler_gap,wh_vs_that_no_gap_long_distance,10,0.943
natural_function,67,filler_gap,wh_vs_that_with_gap,10,0.7065217391304348
natural_function,67,filler_gap,wh_vs_that_with_gap_long_distance,10,0.21
no_function,42,island_effects,adjunct_island,10,0.745
no_function,42,anaphor_agreement,anaphor_gender_agreement,10,0.886
no_function,42,anaphor_agreement,anaphor_number_agreement,10,0.936
no_function,42,argument_structure,animate_subject_passive,10,0.518
no_function,42,argument_structure,animate_subject_trans,10,0.7607843137254902
no_function,42,argument_structure,causative,10,0.609504132231405
no_function,42,island_effects,complex_NP_island,10,0.498
no_function,42,island_effects,coordinate_structure_constraint_complex_left_branch,10,0.443
no_function,42,island_effects,coordinate_structure_constraint_object_extraction,10,0.2948717948717949
no_function,42,subject_verb_agreement,distractor_agreement_relational_noun,10,0.5169082125603864
no_function,42,subject_verb_agreement,distractor_agreement_relative_clause,10,0.48554913294797686
no_function,42,argument_structure,drop_argument,10,0.5896805896805897
no_function,42,ellipsis,ellipsis_n_bar_1,10,0.522
no_function,42,ellipsis,ellipsis_n_bar_2,10,0.8827726809378186
no_function,42,control_raising,existential_there_object_raising,10,0.690010298661174
no_function,42,control_raising,existential_there_subject_raising,10,0.6278563656147987
no_function,42,control_raising,expletive_it_object_raising,10,0.708253358925144
no_function,42,argument_structure,inchoative,10,0.6499372647427855
no_function,42,argument_structure,intransitive,10,0.741106719367589
no_function,42,irregular_forms,irregular_past_participle_adjectives,10,0.605
no_function,42,irregular_forms,irregular_past_participle_verbs,10,0.574
no_function,42,subject_verb_agreement,irregular_plural_subject_verb_agreement_1,10,0.4954954954954955
no_function,42,subject_verb_agreement,irregular_plural_subject_verb_agreement_2,10,0.546
no_function,42,island_effects,left_branch_island_echo_question,10,0.698
no_function,42,island_effects,left_branch_island_simple_question,10,0.29
no_function,42,npi_licensing,npi_present_1,10,0.371
no_function,42,npi_licensing,npi_present_2,10,0.363
no_function,42,npi_licensing,only_npi_licensor_present,10,0.621
no_function,42,npi_licensing,only_npi_scope,10,0.165
no_function,42,argument_structure,passive_1,10,0.4371523915461624
no_function,42,argument_structure,passive_2,10,0.42146017699115046
no_function,42,binding,principle_A_c_command,10,0.313
no_function,42,binding,principle_A_case_1,10,0.937
no_function,42,binding,principle_A_case_2,10,0.7376884422110552
no_function,42,binding,principle_A_domain_1,10,0.996
no_function,42,binding,principle_A_domain_2,10,0.781
no_function,42,binding,principle_A_domain_3,10,0.641
no_function,42,binding,principle_A_reconstruction,10,0.14170854271356784
no_function,42,subject_verb_agreement,regular_plural_subject_verb_agreement_1,10,0.6788124156545209
no_function,42,subject_verb_agreement,regular_plural_subject_verb_agreement_2,10,0.541
no_function,42,npi_licensing,sentential_negation_npi_licensor_present,10,0.979
no_function,42,npi_licensing,sentential_negation_npi_scope,10,0.348
no_function,42,island_effects,sentential_subject_island,10,0.361
no_function,42,control_raising,tough_vs_raising_1,10,0.5038845726970034
no_function,42,control_raising,tough_vs_raising_2,10,0.5481651376146789
no_function,42,argument_structure,transitive,10,0.465564738292011
no_function,42,island_effects,wh_island,10,0.726
no_function,42,filler_gap,wh_questions_object_gap,10,0.15126050420168066
no_function,42,filler_gap,wh_questions_subject_gap,10,0.3884297520661157
no_function,42,filler_gap,wh_questions_subject_gap_long_distance,10,0.303
no_function,42,filler_gap,wh_vs_that_no_gap,10,0.21897810218978103
no_function,42,filler_gap,wh_vs_that_no_gap_long_distance,10,0.199
no_function,42,filler_gap,wh_vs_that_with_gap,10,0.8695652173913043
no_function,42,filler_gap,wh_vs_that_with_gap_long_distance,10,0.803
no_function,53,island_effects,adjunct_island,10,0.696
no_function,53,anaphor_agreement,anaphor_gender_agreement,10,0.943
no_function,53,anaphor_agreement,anaphor_number_agreement,10,0.936
no_function,53,argument_structure,animate_subject_passive,10,0.518
no_function,53,argument_structure,animate_subject_trans,10,0.7764705882352941
no_function,53,argument_structure,causative,10,0.6198347107438017
no_function,53,island_effects,complex_NP_island,10,0.485
no_function,53,island_effects,coordinate_structure_constraint_complex_left_branch,10,0.423
no_function,53,island_effects,coordinate_structure_constraint_object_extraction,10,0.28205128205128205
no_function,53,subject_verb_agreement,distractor_agreement_relational_noun,10,0.4830917874396135
no_function,53,subject_verb_agreement,distractor_agreement_relative_clause,10,0.43352601156069365
no_function,53,argument_structure,drop_argument,10,0.6142506142506142
no_function,53,ellipsis,ellipsis_n_bar_1,10,0.524
no_function,53,ellipsis,ellipsis_n_bar_2,10,0.8827726809378186
no_function,53,control_raising,existential_there_object_raising,10,0.7106076210092688
no_function,53,control_raising,existential_there_subject_raising,10,0.6322089227421109
no_function,53,control_raising,expletive_it_object_raising,10,0.6852207293666027
no_function,53,argument_structure,inchoative,10,0.6599749058971142
no_function,53,argument_structure,intransitive,10,0.7193675889328063
no_function,53,irregular_forms,irregular_past_participle_adjectives,10,0.555
no_function,53,irregular_forms,irregular_past_participle_verbs,10,0.624
no_function,53,subject_verb_agreement,irregular_plural_subject_verb_agreement_1,10,0.521021021021021
no_function,53,subject_verb_agreement,irregular_plural_subject_verb_agreement_2,10,0.577
no_function,53,island_effects,left_branch_island_echo_question,10,0.616
no_function,53,island_effects,left_branch_island_simple_question,10,0.299
no_function,53,npi_licensing,npi_present_1,10,0.435
no_function,53,npi_licensing,npi_present_2,10,0.461
no_function,53,npi_licensing,only_npi_licensor_present,10,0.691
no_function,53,npi_licensing,only_npi_scope,10,0.171
no_function,53,argument_structure,passive_1,10,0.44160177975528364
no_function,53,argument_structure,passive_2,10,0.42035398230088494
no_function,53,binding,principle_A_c_command,10,0.355
no_function,53,binding,principle_A_case_1,10,0.931
no_function,53,binding,principle_A_case_2,10,0.6984924623115578
no_function,53,binding,principle_A_domain_1,10,0.998
no_function,53,binding,principle_A_domain_2,10,0.753
no_function,53,binding,principle_A_domain_3,10,0.645
no_function,53,binding,principle_A_reconstruction,10,0.1507537688442211
no_function,53,subject_verb_agreement,regular_plural_subject_verb_agreement_1,10,0.728744939271255
no_function,53,subject_verb_agreement,regular_plural_subject_verb_agreement_2,10,0.553
no_function,53,npi_licensing,sentential_negation_npi_licensor_present,10,0.959
no_function,53,npi_licensing,sentential_negation_npi_scope,10,0.343
no_function,53,island_effects,sentential_subject_island,10,0.377
no_function,53,control_raising,tough_vs_raising_1,10,0.5338512763596004
no_function,53,control_raising,tough_vs_raising_2,10,0.518348623853211
no_function,53,argument_structure,transitive,10,0.4573002754820937
no_function,53,island_effects,wh_island,10,0.712
no_function,53,filler_gap,wh_questions_object_gap,10,0.18487394957983194
no_function,53,filler_gap,wh_questions_subject_gap,10,0.2975206611570248
no_function,53,filler_gap,wh_questions_subject_gap_long_distance,10,0.342
no_function,53,filler_gap,wh_vs_that_no_gap,10,0.2773722627737226
no_function,53,filler_gap,wh_vs_that_no_gap_long_distance,10,0.239
no_function,53,filler_gap,wh_vs_that_with_gap,10,0.8152173913043478
no_function,53,filler_gap,wh_vs_that_with_gap_long_distance,10,0.787
no_function,67,island_effects,adjunct_island,10,0.785
no_function,67,anaphor_agreement,anaphor_gender_agreement,10,0.928
no_function,67,anaphor_agreement,anaphor_number_agreement,10,0.941
no_function,67,argument_structure,animate_subject_passive,10,0.527
no_function,67,argument_structure,animate_subject_trans,10,0.7568627450980392
no_function,67,argument_structure,causative,10,0.6115702479338843
no_function,67,island_effects,complex_NP_island,10,0.528
no_function,67,island_effects,coordinate_structure_constraint_complex_left_branch,10,0.467
no_function,67,island_effects,coordinate_structure_constraint_object_extraction,10,0.38461538461538464
no_function,67,subject_verb_agreement,distractor_agreement_relational_noun,10,0.48148148148148145
no_function,67,subject_verb_agreement,distractor_agreement_relative_clause,10,0.43641618497109824
no_function,67,argument_structure,drop_argument,10,0.597051597051597
no_function,67,ellipsis,ellipsis_n_bar_1,10,0.51
no_function,67,ellipsis,ellipsis_n_bar_2,10,0.8817533129459735
no_function,67,control_raising,existential_there_object_raising,10,0.6930998970133883
no_function,67,control_raising,existential_there_subject_raising,10,0.6572361262241567
no_function,67,control_raising,expletive_it_object_raising,10,0.6717850287907869
no_function,67,argument_structure,inchoative,10,0.6725219573400251
no_function,67,argument_structure,intransitive,10,0.7628458498023716
no_function,67,irregular_forms,irregular_past_participle_adjectives,10,0.586
no_function,67,irregular_forms,irregular_past_participle_verbs,10,0.602
no_function,67,subject_verb_agreement,irregular_plural_subject_verb_agreement_1,10,0.5165165165165165
no_function,67,subject_verb_agreement,irregular_plural_subject_verb_agreement_2,10,0.599
no_function,67,island_effects,left_branch_island_echo_question,10,0.6
no_function,67,island_effects,left_branch_island_simple_question,10,0.315
no_function,67,npi_licensing,npi_present_1,10,0.412
no_function,67,npi_licensing,npi_present_2,10,0.417
no_function,67,npi_licensing,only_npi_licensor_present,10,0.723
no_function,67,npi_licensing,only_npi_scope,10,0.162
no_function,67,argument_structure,passive_1,10,0.43381535038932145
no_function,67,argument_structure,passive_2,10,0.42367256637168144
no_function,67,binding,principle_A_c_command,10,0.351
no_function,67,binding,principle_A_case_1,10,0.935
no_function,67,binding,principle_A_case_2,10,0.6793969849246231
no_function,67,binding,principle_A_domain_1,10,0.996
no_function,67,binding,principle_A_domain_2,10,0.693
no_function,67,binding,principle_A_domain_3,10,0.628
no_function,67,binding,principle_A_reconstruction,10,0.14472361809045226
no_function,67,subject_verb_agreement,regular_plural_subject_verb_agreement_1,10,0.7017543859649122
no_function,67,subject_verb_agreement,regular_plural_subject_verb_agreement_2,10,0.563
no_function,67,npi_licensing,sentential_negation_npi_licensor_present,10,0.99
no_function,67,npi_licensing,sentential_negation_npi_scope,10,0.407
no_function,67,island_effects,sentential_subject_island,10,0.339
no_function,67,control_raising,tough_vs_raising_1,10,0.5460599334073252
no_function,67,control_raising,tough_vs_raising_2,10,0.5103211009174312
no_function,67,argument_structure,transitive,10,0.45179063360881544
no_function,67,island_effects,wh_island,10,0.668
no_function,67,filler_gap,wh_questions_object_gap,10,0.15126050420168066
no_function,67,filler_gap,wh_questions_subject_gap,10,0.3305785123966942
no_function,67,filler_gap,wh_questions_subject_gap_long_distance,10,0.326
no_function,67,filler_gap,wh_vs_that_no_gap,10,0.23357664233576642
no_function,67,filler_gap,wh_vs_that_no_gap_long_distance,10,0.24
no_function,67,filler_gap,wh_vs_that_with_gap,10,0.8695652173913043
no_function,67,filler_gap,wh_vs_that_with_gap_long_distance,10,0.806
random_function,42,argument_structure,animate_subject_passive,10,0.536
random_function,42,argument_structure,animate_subject_trans,10,0.792156862745098
random_function,42,argument_structure,causative,10,0.6735537190082644
random_function,42,island_effects,complex_NP_island,10,0.517
random_function,42,island_effects,coordinate_structure_constraint_complex_left_branch,10,0.588
random_function,42,island_effects,coordinate_structure_constraint_object_extraction,10,0.36538461538461536
random_function,42,control_raising,tough_vs_raising_1,10,0.5471698113207547
random_function,42,subject_verb_agreement,distractor_agreement_relational_noun,10,0.48792270531400966
random_function,42,subject_verb_agreement,distractor_agreement_relative_clause,10,0.3945086705202312
random_function,42,argument_structure,drop_argument,10,0.6265356265356266
random_function,42,ellipsis,ellipsis_n_bar_1,10,0.669
random_function,42,ellipsis,ellipsis_n_bar_2,10,0.8246687054026504
random_function,42,control_raising,existential_there_object_raising,10,0.6869207003089598
random_function,42,control_raising,existential_there_subject_raising,10,0.6670293797606094
random_function,42,control_raising,expletive_it_object_raising,10,0.7178502879078695
random_function,42,argument_structure,inchoative,10,0.7164366373902133
random_function,42,argument_structure,intransitive,10,0.7292490118577075
random_function,42,irregular_forms,irregular_past_participle_adjectives,10,0.818
random_function,42,irregular_forms,irregular_past_participle_verbs,10,0.818
random_function,42,subject_verb_agreement,irregular_plural_subject_verb_agreement_1,10,0.566066066066066
random_function,42,subject_verb_agreement,irregular_plural_subject_verb_agreement_2,10,0.661
random_function,42,island_effects,left_branch_island_echo_question,10,0.704
random_function,42,island_effects,left_branch_island_simple_question,10,0.505
random_function,42,npi_licensing,npi_present_1,10,0.356
random_function,42,npi_licensing,npi_present_2,10,0.421
random_function,42,npi_licensing,only_npi_licensor_present,10,0.669
random_function,42,npi_licensing,only_npi_scope,10,0.539
random_function,42,argument_structure,passive_1,10,0.42046718576195774
random_function,42,argument_structure,passive_2,10,0.48008849557522126
random_function,42,binding,principle_A_c_command,10,0.367
random_function,42,binding,principle_A_case_1,10,0.998
random_function,42,binding,principle_A_case_2,10,0.7809045226130653
random_function,42,binding,principle_A_domain_1,10,0.987
random_function,42,binding,principle_A_domain_2,10,0.684
random_function,42,binding,principle_A_domain_3,10,0.624
random_function,42,binding,principle_A_reconstruction,10,0.22613065326633167
random_function,42,subject_verb_agreement,regular_plural_subject_verb_agreement_1,10,0.786774628879892
random_function,42,subject_verb_agreement,regular_plural_subject_verb_agreement_2,10,0.57
random_function,42,npi_licensing,sentential_negation_npi_licensor_present,10,0.988
random_function,42,npi_licensing,sentential_negation_npi_scope,10,0.319
random_function,42,island_effects,sentential_subject_island,10,0.206
random_function,42,control_raising,tough_vs_raising_2,10,0.533256880733945
random_function,42,argument_structure,transitive,10,0.5840220385674931
random_function,42,island_effects,wh_island,10,0.284
random_function,42,filler_gap,wh_questions_object_gap,10,0.4117647058823529
random_function,42,filler_gap,wh_questions_subject_gap,10,0.8016528925619835
random_function,42,filler_gap,wh_questions_subject_gap_long_distance,10,0.812
random_function,42,filler_gap,wh_vs_that_no_gap,10,0.7299270072992701
random_function,42,filler_gap,wh_vs_that_no_gap_long_distance,10,0.816
random_function,42,filler_gap,wh_vs_that_with_gap,10,0.5760869565217391
random_function,42,filler_gap,wh_vs_that_with_gap_long_distance,10,0.354
random_function,42,island_effects,adjunct_island,10,0.817
random_function,42,anaphor_agreement,anaphor_gender_agreement,10,0.937
random_function,42,anaphor_agreement,anaphor_number_agreement,10,0.953
random_function,53,argument_structure,animate_subject_passive,10,0.55
random_function,53,argument_structure,animate_subject_trans,10,0.7607843137254902
random_function,53,argument_structure,causative,10,0.7035123966942148
random_function,53,island_effects,complex_NP_island,10,0.492
random_function,53,island_effects,coordinate_structure_constraint_complex_left_branch,10,0.435
random_function,53,island_effects,coordinate_structure_constraint_object_extraction,10,0.42948717948717946
random_function,53,control_raising,tough_vs_raising_1,10,0.5349611542730299
random_function,53,subject_verb_agreement,distractor_agreement_relational_noun,10,0.46859903381642515
random_function,53,subject_verb_agreement,distractor_agreement_relative_clause,10,0.3829479768786127
random_function,53,argument_structure,drop_argument,10,0.5823095823095823
random_function,53,ellipsis,ellipsis_n_bar_1,10,0.706
random_function,53,ellipsis,ellipsis_n_bar_2,10,0.8399592252803262
random_function,53,control_raising,existential_there_object_raising,10,0.670442842430484
random_function,53,control_raising,existential_there_subject_raising,10,0.5070729053318824
random_function,53,control_raising,expletive_it_object_raising,10,0.7140115163147792
random_function,53,argument_structure,inchoative,10,0.7101631116687579
random_function,53,argument_structure,intransitive,10,0.7233201581027668
random_function,53,irregular_forms,irregular_past_participle_adjectives,10,0.461
random_function,53,irregular_forms,irregular_past_participle_verbs,10,0.807
random_function,53,subject_verb_agreement,irregular_plural_subject_verb_agreement_1,10,0.5555555555555556
random_function,53,subject_verb_agreement,irregular_plural_subject_verb_agreement_2,10,0.61
random_function,53,island_effects,left_branch_island_echo_question,10,0.426
random_function,53,island_effects,left_branch_island_simple_question,10,0.331
random_function,53,npi_licensing,npi_present_1,10,0.525
random_function,53,npi_licensing,npi_present_2,10,0.49
random_function,53,npi_licensing,only_npi_licensor_present,10,0.946
random_function,53,npi_licensing,only_npi_scope,10,0.543
random_function,53,argument_structure,passive_1,10,0.407119021134594
random_function,53,argument_structure,passive_2,10,0.4579646017699115
random_function,53,binding,principle_A_c_command,10,0.366
random_function,53,binding,principle_A_case_1,10,0.991
random_function,53,binding,principle_A_case_2,10,0.7206030150753768
random_function,53,binding,principle_A_domain_1,10,0.98
random_function,53,binding,principle_A_domain_2,10,0.822
random_function,53,binding,principle_A_domain_3,10,0.533
random_function,53,binding,principle_A_reconstruction,10,0.19095477386934673
random_function,53,subject_verb_agreement,regular_plural_subject_verb_agreement_1,10,0.7516869095816464
random_function,53,subject_verb_agreement,regular_plural_subject_verb_agreement_2,10,0.562
random_function,53,npi_licensing,sentential_negation_npi_licensor_present,10,0.977
random_function,53,npi_licensing,sentential_negation_npi_scope,10,0.339
random_function,53,island_effects,sentential_subject_island,10,0.284
random_function,53,control_raising,tough_vs_raising_2,10,0.5779816513761468
random_function,53,argument_structure,transitive,10,0.5661157024793388
random_function,53,island_effects,wh_island,10,0.261
random_function,53,filler_gap,wh_questions_object_gap,10,0.3865546218487395
random_function,53,filler_gap,wh_questions_subject_gap,10,0.71900826446281
random_function,53,filler_gap,wh_questions_subject_gap_long_distance,10,0.788
random_function,53,filler_gap,wh_vs_that_no_gap,10,0.6277372262773723
random_function,53,filler_gap,wh_vs_that_no_gap_long_distance,10,0.731
random_function,53,filler_gap,wh_vs_that_with_gap,10,0.6304347826086957
random_function,53,filler_gap,wh_vs_that_with_gap_long_distance,10,0.393
random_function,53,island_effects,adjunct_island,10,0.775
random_function,53,anaphor_agreement,anaphor_gender_agreement,10,0.755
random_function,53,anaphor_agreement,anaphor_number_agreement,10,0.917
random_function,67,argument_structure,animate_subject_passive,10,0.523
random_function,67,argument_structure,animate_subject_trans,10,0.7686274509803922
random_function,67,argument_structure,causative,10,0.7045454545454546
random_function,67,island_effects,complex_NP_island,10,0.52
random_function,67,island_effects,coordinate_structure_constraint_complex_left_branch,10,0.406
random_function,67,island_effects,coordinate_structure_constraint_object_extraction,10,0.40384615384615385
random_function,67,control_raising,tough_vs_raising_1,10,0.5593784683684795
random_function,67,subject_verb_agreement,distractor_agreement_relational_noun,10,0.4476650563607085
random_function,67,subject_verb_agreement,distractor_agreement_relative_clause,10,0.37427745664739887
random_function,67,argument_structure,drop_argument,10,0.5577395577395577
random_function,67,ellipsis,ellipsis_n_bar_1,10,0.707
random_function,67,ellipsis,ellipsis_n_bar_2,10,0.836901121304791
random_function,67,control_raising,existential_there_object_raising,10,0.670442842430484
random_function,67,control_raising,existential_there_subject_raising,10,0.5310119695321001
random_function,67,control_raising,expletive_it_object_raising,10,0.6948176583493282
random_function,67,argument_structure,inchoative,10,0.7139272271016311
random_function,67,argument_structure,intransitive,10,0.7272727272727273
random_function,67,irregular_forms,irregular_past_participle_adjectives,10,0.428
random_function,67,irregular_forms,irregular_past_participle_verbs,10,0.786
random_function,67,subject_verb_agreement,irregular_plural_subject_verb_agreement_1,10,0.5765765765765766
random_function,67,subject_verb_agreement,irregular_plural_subject_verb_agreement_2,10,0.638
random_function,67,island_effects,left_branch_island_echo_question,10,0.357
random_function,67,island_effects,left_branch_island_simple_question,10,0.322
random_function,67,npi_licensing,npi_present_1,10,0.468
random_function,67,npi_licensing,npi_present_2,10,0.503
random_function,67,npi_licensing,only_npi_licensor_present,10,0.842
random_function,67,npi_licensing,only_npi_scope,10,0.484
random_function,67,argument_structure,passive_1,10,0.42380422691879865
random_function,67,argument_structure,passive_2,10,0.45685840707964603
random_function,67,binding,principle_A_c_command,10,0.37
random_function,67,binding,principle_A_case_1,10,0.996
random_function,67,binding,principle_A_case_2,10,0.7165829145728643
random_function,67,binding,principle_A_domain_1,10,0.98
random_function,67,binding,principle_A_domain_2,10,0.814
random_function,67,binding,principle_A_domain_3,10,0.542
random_function,67,binding,principle_A_reconstruction,10,0.19195979899497487
random_function,67,subject_verb_agreement,regular_plural_subject_verb_agreement_1,10,0.7543859649122807
random_function,67,subject_verb_agreement,regular_plural_subject_verb_agreement_2,10,0.565
random_function,67,npi_licensing,sentential_negation_npi_licensor_present,10,0.972
random_function,67,npi_licensing,sentential_negation_npi_scope,10,0.305
random_function,67,island_effects,sentential_subject_island,10,0.349
random_function,67,control_raising,tough_vs_raising_2,10,0.5584862385321101
random_function,67,argument_structure,transitive,10,0.571625344352617
random_function,67,island_effects,wh_island,10,0.391
random_function,67,filler_gap,wh_questions_object_gap,10,0.35294117647058826
random_function,67,filler_gap,wh_questions_subject_gap,10,0.7768595041322314
random_function,67,filler_gap,wh_questions_subject_gap_long_distance,10,0.801
random_function,67,filler_gap,wh_vs_that_no_gap,10,0.6642335766423357
random_function,67,filler_gap,wh_vs_that_no_gap_long_distance,10,0.757
random_function,67,filler_gap,wh_vs_that_with_gap,10,0.6304347826086957
random_function,67,filler_gap,wh_vs_that_with_gap_long_distance,10,0.364
random_function,67,island_effects,adjunct_island,10,0.841
random_function,67,anaphor_agreement,anaphor_gender_agreement,10,0.728
random_function,67,anaphor_agreement,anaphor_number_agreement,10,0.892
five_function,42,island_effects,adjunct_island,10,0.864
five_function,42,anaphor_agreement,anaphor_gender_agreement,10,0.901
five_function,42,anaphor_agreement,anaphor_number_agreement,10,0.955
five_function,42,argument_structure,animate_subject_passive,10,0.561
five_function,42,argument_structure,animate_subject_trans,10,0.8352941176470589
five_function,42,argument_structure,causative,10,0.6931818181818182
five_function,42,island_effects,complex_NP_island,10,0.582
five_function,42,island_effects,coordinate_structure_constraint_complex_left_branch,10,0.519
five_function,42,island_effects,coordinate_structure_constraint_object_extraction,10,0.6730769230769231
five_function,42,subject_verb_agreement,distractor_agreement_relational_noun,10,0.47342995169082125
five_function,42,subject_verb_agreement,distractor_agreement_relative_clause,10,0.43352601156069365
five_function,42,argument_structure,drop_argument,10,0.6437346437346437
five_function,42,ellipsis,ellipsis_n_bar_1,10,0.726
five_function,42,ellipsis,ellipsis_n_bar_2,10,0.835881753312946
five_function,42,control_raising,existential_there_object_raising,10,0.7167868177136972
five_function,42,control_raising,existential_there_subject_raising,10,0.6441784548422198
five_function,42,control_raising,expletive_it_object_raising,10,0.6948176583493282
five_function,42,argument_structure,inchoative,10,0.698870765370138
five_function,42,argument_structure,intransitive,10,0.758893280632411
five_function,42,irregular_forms,irregular_past_participle_adjectives,10,0.83
five_function,42,irregular_forms,irregular_past_participle_verbs,10,0.864
five_function,42,subject_verb_agreement,irregular_plural_subject_verb_agreement_1,10,0.5615615615615616
five_function,42,subject_verb_agreement,irregular_plural_subject_verb_agreement_2,10,0.682
five_function,42,island_effects,left_branch_island_echo_question,10,0.574
five_function,42,island_effects,left_branch_island_simple_question,10,0.406
five_function,42,npi_licensing,npi_present_1,10,0.355
five_function,42,npi_licensing,npi_present_2,10,0.484
five_function,42,npi_licensing,only_npi_licensor_present,10,0.523
five_function,42,npi_licensing,only_npi_scope,10,0.547
five_function,42,argument_structure,passive_1,10,0.41713014460511677
five_function,42,argument_structure,passive_2,10,0.4811946902654867
five_function,42,binding,principle_A_c_command,10,0.402
five_function,42,binding,principle_A_case_1,10,1.0
five_function,42,binding,principle_A_case_2,10,0.8763819095477386
five_function,42,binding,principle_A_domain_1,10,0.987
five_function,42,binding,principle_A_domain_2,10,0.737
five_function,42,binding,principle_A_domain_3,10,0.622
five_function,42,binding,principle_A_reconstruction,10,0.3035175879396985
five_function,42,subject_verb_agreement,regular_plural_subject_verb_agreement_1,10,0.8070175438596491
five_function,42,subject_verb_agreement,regular_plural_subject_verb_agreement_2,10,0.555
five_function,42,npi_licensing,sentential_negation_npi_licensor_present,10,1.0
five_function,42,npi_licensing,sentential_negation_npi_scope,10,0.368
five_function,42,island_effects,sentential_subject_island,10,0.282
five_function,42,control_raising,tough_vs_raising_1,10,0.5216426193118757
five_function,42,control_raising,tough_vs_raising_2,10,0.6318807339449541
five_function,42,argument_structure,transitive,10,0.6432506887052342
five_function,42,island_effects,wh_island,10,0.206
five_function,42,filler_gap,wh_questions_object_gap,10,0.7478991596638656
five_function,42,filler_gap,wh_questions_subject_gap,10,0.9090909090909091
five_function,42,filler_gap,wh_questions_subject_gap_long_distance,10,0.951
five_function,42,filler_gap,wh_vs_that_no_gap,10,0.9708029197080292
five_function,42,filler_gap,wh_vs_that_no_gap_long_distance,10,0.986
five_function,42,filler_gap,wh_vs_that_with_gap,10,0.42391304347826086
five_function,42,filler_gap,wh_vs_that_with_gap_long_distance,10,0.095
five_function,53,island_effects,adjunct_island,10,0.79
five_function,53,anaphor_agreement,anaphor_gender_agreement,10,0.654
five_function,53,anaphor_agreement,anaphor_number_agreement,10,0.853
five_function,53,argument_structure,animate_subject_passive,10,0.526
five_function,53,argument_structure,animate_subject_trans,10,0.7803921568627451
five_function,53,argument_structure,causative,10,0.7303719008264463
five_function,53,island_effects,complex_NP_island,10,0.549
five_function,53,island_effects,coordinate_structure_constraint_complex_left_branch,10,0.382
five_function,53,island_effects,coordinate_structure_constraint_object_extraction,10,0.7307692307692307
five_function,53,subject_verb_agreement,distractor_agreement_relational_noun,10,0.46859903381642515
five_function,53,subject_verb_agreement,distractor_agreement_relative_clause,10,0.43641618497109824
five_function,53,argument_structure,drop_argument,10,0.6412776412776413
five_function,53,ellipsis,ellipsis_n_bar_1,10,0.702
five_function,53,ellipsis,ellipsis_n_bar_2,10,0.8348623853211009
five_function,53,control_raising,existential_there_object_raising,10,0.6817713697219362
five_function,53,control_raising,existential_there_subject_raising,10,0.5223068552774756
five_function,53,control_raising,expletive_it_object_raising,10,0.7044145873320538
five_function,53,argument_structure,inchoative,10,0.7189460476787954
five_function,53,argument_structure,intransitive,10,0.7430830039525692
five_function,53,irregular_forms,irregular_past_participle_adjectives,10,0.752
five_function,53,irregular_forms,irregular_past_participle_verbs,10,0.856
five_function,53,subject_verb_agreement,irregular_plural_subject_verb_agreement_1,10,0.5705705705705706
five_function,53,subject_verb_agreement,irregular_plural_subject_verb_agreement_2,10,0.599
five_function,53,island_effects,left_branch_island_echo_question,10,0.475
five_function,53,island_effects,left_branch_island_simple_question,10,0.319
five_function,53,npi_licensing,npi_present_1,10,0.481
five_function,53,npi_licensing,npi_present_2,10,0.497
five_function,53,npi_licensing,only_npi_licensor_present,10,0.905
five_function,53,npi_licensing,only_npi_scope,10,0.585
five_function,53,argument_structure,passive_1,10,0.43047830923248054
five_function,53,argument_structure,passive_2,10,0.497787610619469
five_function,53,binding,principle_A_c_command,10,0.445
five_function,53,binding,principle_A_case_1,10,1.0
five_function,53,binding,principle_A_case_2,10,0.8763819095477386
five_function,53,binding,principle_A_domain_1,10,0.995
five_function,53,binding,principle_A_domain_2,10,0.844
five_function,53,binding,principle_A_domain_3,10,0.535
five_function,53,binding,principle_A_reconstruction,10,0.27839195979899495
five_function,53,subject_verb_agreement,regular_plural_subject_verb_agreement_1,10,0.7530364372469636
five_function,53,subject_verb_agreement,regular_plural_subject_verb_agreement_2,10,0.569
five_function,53,npi_licensing,sentential_negation_npi_licensor_present,10,0.991
five_function,53,npi_licensing,sentential_negation_npi_scope,10,0.267
five_function,53,island_effects,sentential_subject_island,10,0.351
five_function,53,control_raising,tough_vs_raising_1,10,0.4916759156492786
five_function,53,control_raising,tough_vs_raising_2,10,0.6513761467889908
five_function,53,argument_structure,transitive,10,0.6019283746556474
five_function,53,island_effects,wh_island,10,0.301
five_function,53,filler_gap,wh_questions_object_gap,10,0.7142857142857143
five_function,53,filler_gap,wh_questions_subject_gap,10,0.8925619834710744
five_function,53,filler_gap,wh_questions_subject_gap_long_distance,10,0.934
five_function,53,filler_gap,wh_vs_that_no_gap,10,0.9635036496350365
five_function,53,filler_gap,wh_vs_that_no_gap_long_distance,10,0.992
five_function,53,filler_gap,wh_vs_that_with_gap,10,0.532608695652174
five_function,53,filler_gap,wh_vs_that_with_gap_long_distance,10,0.099
five_function,67,island_effects,adjunct_island,10,0.813
five_function,67,anaphor_agreement,anaphor_gender_agreement,10,0.692
five_function,67,anaphor_agreement,anaphor_number_agreement,10,0.862
five_function,67,argument_structure,animate_subject_passive,10,0.556
five_function,67,argument_structure,animate_subject_trans,10,0.796078431372549
five_function,67,argument_structure,causative,10,0.7417355371900827
five_function,67,island_effects,complex_NP_island,10,0.56
five_function,67,island_effects,coordinate_structure_constraint_complex_left_branch,10,0.398
five_function,67,island_effects,coordinate_structure_constraint_object_extraction,10,0.7307692307692307
five_function,67,subject_verb_agreement,distractor_agreement_relational_noun,10,0.5040257648953301
five_function,67,subject_verb_agreement,distractor_agreement_relative_clause,10,0.40173410404624277
five_function,67,argument_structure,drop_argument,10,0.5921375921375921
five_function,67,ellipsis,ellipsis_n_bar_1,10,0.728
five_function,67,ellipsis,ellipsis_n_bar_2,10,0.8603465851172273
five_function,67,control_raising,existential_there_object_raising,10,0.678681771369722
five_function,67,control_raising,existential_there_subject_raising,10,0.4929270946681175
five_function,67,control_raising,expletive_it_object_raising,10,0.690978886756238
five_function,67,argument_structure,inchoative,10,0.698870765370138
five_function,67,argument_structure,intransitive,10,0.7509881422924901
five_function,67,irregular_forms,irregular_past_participle_adjectives,10,0.726
five_function,67,irregular_forms,irregular_past_participle_verbs,10,0.86
five_function,67,subject_verb_agreement,irregular_plural_subject_verb_agreement_1,10,0.5795795795795796
five_function,67,subject_verb_agreement,irregular_plural_subject_verb_agreement_2,10,0.651
five_function,67,island_effects,left_branch_island_echo_question,10,0.375
five_function,67,island_effects,left_branch_island_simple_question,10,0.269
five_function,67,npi_licensing,npi_present_1,10,0.536
five_function,67,npi_licensing,npi_present_2,10,0.459
five_function,67,npi_licensing,only_npi_licensor_present,10,0.924
five_function,67,npi_licensing,only_npi_scope,10,0.468
five_function,67,argument_structure,passive_1,10,0.38264738598442716
five_function,67,argument_structure,passive_2,10,0.4756637168141593
five_function,67,binding,principle_A_c_command,10,0.387
five_function,67,binding,principle_A_case_1,10,1.0
five_function,67,binding,principle_A_case_2,10,0.8914572864321608
five_function,67,binding,principle_A_domain_1,10,0.99
five_function,67,binding,principle_A_domain_2,10,0.822
five_function,67,binding,principle_A_domain_3,10,0.519
five_function,67,binding,principle_A_reconstruction,10,0.3316582914572864
five_function,67,subject_verb_agreement,regular_plural_subject_verb_agreement_1,10,0.747638326585695
five_function,67,subject_verb_agreement,regular_plural_subject_verb_agreement_2,10,0.578
five_function,67,npi_licensing,sentential_negation_npi_licensor_present,10,0.999
five_function,67,npi_licensing,sentential_negation_npi_scope,10,0.345
five_function,67,island_effects,sentential_subject_island,10,0.306
five_function,67,control_raising,tough_vs_raising_1,10,0.532741398446171
five_function,67,control_raising,tough_vs_raising_2,10,0.6594036697247706
five_function,67,argument_structure,transitive,10,0.6198347107438017
five_function,67,island_effects,wh_island,10,0.36
five_function,67,filler_gap,wh_questions_object_gap,10,0.773109243697479
five_function,67,filler_gap,wh_questions_subject_gap,10,0.8925619834710744
five_function,67,filler_gap,wh_questions_subject_gap_long_distance,10,0.936
five_function,67,filler_gap,wh_vs_that_no_gap,10,0.9562043795620438
five_function,67,filler_gap,wh_vs_that_no_gap_long_distance,10,0.98
five_function,67,filler_gap,wh_vs_that_with_gap,10,0.532608695652174
five_function,67,filler_gap,wh_vs_that_with_gap_long_distance,10,0.111
within_boundary,42,island_effects,adjunct_island,10,0.803
within_boundary,42,anaphor_agreement,anaphor_gender_agreement,10,0.931
within_boundary,42,anaphor_agreement,anaphor_number_agreement,10,0.986
within_boundary,42,argument_structure,animate_subject_passive,10,0.701
within_boundary,42,argument_structure,animate_subject_trans,10,0.8392156862745098
within_boundary,42,argument_structure,causative,10,0.746900826446281
within_boundary,42,island_effects,complex_NP_island,10,0.378
within_boundary,42,island_effects,coordinate_structure_constraint_complex_left_branch,10,0.438
within_boundary,42,island_effects,coordinate_structure_constraint_object_extraction,10,0.41025641025641024
within_boundary,42,subject_verb_agreement,distractor_agreement_relational_noun,10,0.7230273752012882
within_boundary,42,subject_verb_agreement,distractor_agreement_relative_clause,10,0.42052023121387283
within_boundary,42,argument_structure,drop_argument,10,0.6560196560196561
within_boundary,42,ellipsis,ellipsis_n_bar_1,10,0.71
within_boundary,42,ellipsis,ellipsis_n_bar_2,10,0.7838939857288482
within_boundary,42,control_raising,existential_there_object_raising,10,0.8249227600411947
within_boundary,42,control_raising,existential_there_subject_raising,10,0.6670293797606094
within_boundary,42,control_raising,expletive_it_object_raising,10,0.727447216890595
within_boundary,42,argument_structure,inchoative,10,0.7026348808030113
within_boundary,42,argument_structure,intransitive,10,0.733201581027668
within_boundary,42,irregular_forms,irregular_past_participle_adjectives,10,0.802
within_boundary,42,irregular_forms,irregular_past_participle_verbs,10,0.851
within_boundary,42,subject_verb_agreement,irregular_plural_subject_verb_agreement_1,10,0.7882882882882883
within_boundary,42,subject_verb_agreement,irregular_plural_subject_verb_agreement_2,10,0.849
within_boundary,42,island_effects,left_branch_island_echo_question,10,0.587
within_boundary,42,island_effects,left_branch_island_simple_question,10,0.507
within_boundary,42,npi_licensing,npi_present_1,10,0.305
within_boundary,42,npi_licensing,npi_present_2,10,0.471
within_boundary,42,npi_licensing,only_npi_licensor_present,10,0.496
within_boundary,42,npi_licensing,only_npi_scope,10,0.434
within_boundary,42,argument_structure,passive_1,10,0.7341490545050056
within_boundary,42,argument_structure,passive_2,10,0.7555309734513275
within_boundary,42,binding,principle_A_c_command,10,0.455
within_boundary,42,binding,principle_A_case_1,10,0.996
within_boundary,42,binding,principle_A_case_2,10,0.8743718592964824
within_boundary,42,binding,principle_A_domain_1,10,0.991
within_boundary,42,binding,principle_A_domain_2,10,0.72
within_boundary,42,binding,principle_A_domain_3,10,0.592
within_boundary,42,binding,principle_A_reconstruction,10,0.3155778894472362
within_boundary,42,subject_verb_agreement,regular_plural_subject_verb_agreement_1,10,0.8259109311740891
within_boundary,42,subject_verb_agreement,regular_plural_subject_verb_agreement_2,10,0.812
within_boundary,42,npi_licensing,sentential_negation_npi_licensor_present,10,0.959
within_boundary,42,npi_licensing,sentential_negation_npi_scope,10,0.207
within_boundary,42,island_effects,sentential_subject_island,10,0.318
within_boundary,42,control_raising,tough_vs_raising_1,10,0.5405105438401776
within_boundary,42,control_raising,tough_vs_raising_2,10,0.7236238532110092
within_boundary,42,argument_structure,transitive,10,0.6928374655647382
within_boundary,42,island_effects,wh_island,10,0.6
within_boundary,42,filler_gap,wh_questions_object_gap,10,0.5630252100840336
within_boundary,42,filler_gap,wh_questions_subject_gap,10,0.9256198347107438
within_boundary,42,filler_gap,wh_questions_subject_gap_long_distance,10,0.913
within_boundary,42,filler_gap,wh_vs_that_no_gap,10,0.9562043795620438
within_boundary,42,filler_gap,wh_vs_that_no_gap_long_distance,10,0.969
within_boundary,42,filler_gap,wh_vs_that_with_gap,10,0.2717391304347826
within_boundary,42,filler_gap,wh_vs_that_with_gap_long_distance,10,0.088
within_boundary,53,argument_structure,animate_subject_passive,10,0.698
within_boundary,53,argument_structure,animate_subject_trans,10,0.803921568627451
within_boundary,53,argument_structure,causative,10,0.7489669421487604
within_boundary,53,island_effects,complex_NP_island,10,0.412
within_boundary,53,island_effects,coordinate_structure_constraint_complex_left_branch,10,0.429
within_boundary,53,island_effects,coordinate_structure_constraint_object_extraction,10,0.5641025641025641
within_boundary,53,control_raising,tough_vs_raising_1,10,0.5482796892341842
within_boundary,53,subject_verb_agreement,distractor_agreement_relational_noun,10,0.7133655394524959
within_boundary,53,subject_verb_agreement,distractor_agreement_relative_clause,10,0.4046242774566474
within_boundary,53,argument_structure,drop_argument,10,0.6511056511056511
within_boundary,53,ellipsis,ellipsis_n_bar_1,10,0.653
within_boundary,53,ellipsis,ellipsis_n_bar_2,10,0.764525993883792
within_boundary,53,control_raising,existential_there_object_raising,10,0.787847579814624
within_boundary,53,control_raising,existential_there_subject_raising,10,0.43743199129488575
within_boundary,53,control_raising,expletive_it_object_raising,10,0.7044145873320538
within_boundary,53,argument_structure,inchoative,10,0.7051442910915935
within_boundary,53,argument_structure,intransitive,10,0.7806324110671937
within_boundary,53,irregular_forms,irregular_past_participle_adjectives,10,0.888
within_boundary,53,irregular_forms,irregular_past_participle_verbs,10,0.748
within_boundary,53,subject_verb_agreement,irregular_plural_subject_verb_agreement_1,10,0.7042042042042042
within_boundary,53,subject_verb_agreement,irregular_plural_subject_verb_agreement_2,10,0.792
within_boundary,53,island_effects,left_branch_island_echo_question,10,0.566
within_boundary,53,island_effects,left_branch_island_simple_question,10,0.404
within_boundary,53,npi_licensing,npi_present_1,10,0.565
within_boundary,53,npi_licensing,npi_present_2,10,0.529
within_boundary,53,npi_licensing,only_npi_licensor_present,10,0.834
within_boundary,53,npi_licensing,only_npi_scope,10,0.543
within_boundary,53,argument_structure,passive_1,10,0.6685205784204672
within_boundary,53,argument_structure,passive_2,10,0.6825221238938053
within_boundary,53,binding,principle_A_c_command,10,0.424
within_boundary,53,binding,principle_A_case_1,10,0.996
within_boundary,53,binding,principle_A_case_2,10,0.8623115577889447
within_boundary,53,binding,principle_A_domain_1,10,0.984
within_boundary,53,binding,principle_A_domain_2,10,0.881
within_boundary,53,binding,principle_A_domain_3,10,0.549
within_boundary,53,binding,principle_A_reconstruction,10,0.13266331658291458
within_boundary,53,subject_verb_agreement,regular_plural_subject_verb_agreement_1,10,0.7530364372469636
within_boundary,53,subject_verb_agreement,regular_plural_subject_verb_agreement_2,10,0.77
within_boundary,53,npi_licensing,sentential_negation_npi_licensor_present,10,0.992
within_boundary,53,npi_licensing,sentential_negation_npi_scope,10,0.159
within_boundary,53,island_effects,sentential_subject_island,10,0.388
within_boundary,53,control_raising,tough_vs_raising_2,10,0.7064220183486238
within_boundary,53,argument_structure,transitive,10,0.6900826446280992
within_boundary,53,island_effects,wh_island,10,0.586
within_boundary,53,filler_gap,wh_questions_object_gap,10,0.5294117647058824
within_boundary,53,filler_gap,wh_questions_subject_gap,10,0.9421487603305785
within_boundary,53,filler_gap,wh_questions_subject_gap_long_distance,10,0.885
within_boundary,53,filler_gap,wh_vs_that_no_gap,10,0.8832116788321168
within_boundary,53,filler_gap,wh_vs_that_no_gap_long_distance,10,0.964
within_boundary,53,filler_gap,wh_vs_that_with_gap,10,0.3804347826086957
within_boundary,53,filler_gap,wh_vs_that_with_gap_long_distance,10,0.096
within_boundary,53,island_effects,adjunct_island,10,0.693
within_boundary,53,anaphor_agreement,anaphor_gender_agreement,10,0.67
within_boundary,53,anaphor_agreement,anaphor_number_agreement,10,0.929
within_boundary,67,argument_structure,animate_subject_passive,10,0.669
within_boundary,67,argument_structure,animate_subject_trans,10,0.792156862745098
within_boundary,67,argument_structure,causative,10,0.7427685950413223
within_boundary,67,island_effects,complex_NP_island,10,0.392
within_boundary,67,island_effects,coordinate_structure_constraint_complex_left_branch,10,0.42
within_boundary,67,island_effects,coordinate_structure_constraint_object_extraction,10,0.48717948717948717
within_boundary,67,control_raising,tough_vs_raising_1,10,0.4894561598224195
within_boundary,67,subject_verb_agreement,distractor_agreement_relational_noun,10,0.6409017713365539
within_boundary,67,subject_verb_agreement,distractor_agreement_relative_clause,10,0.42052023121387283
within_boundary,67,argument_structure,drop_argument,10,0.6658476658476659
within_boundary,67,ellipsis,ellipsis_n_bar_1,10,0.697
within_boundary,67,ellipsis,ellipsis_n_bar_2,10,0.7716615698267074
within_boundary,67,control_raising,existential_there_object_raising,10,0.8280123583934088
within_boundary,67,control_raising,existential_there_subject_raising,10,0.5070729053318824
within_boundary,67,control_raising,expletive_it_object_raising,10,0.7197696737044146
within_boundary,67,argument_structure,inchoative,10,0.7164366373902133
within_boundary,67,argument_structure,intransitive,10,0.7608695652173914
within_boundary,67,irregular_forms,irregular_past_participle_adjectives,10,0.722
within_boundary,67,irregular_forms,irregular_past_participle_verbs,10,0.785
within_boundary,67,subject_verb_agreement,irregular_plural_subject_verb_agreement_1,10,0.7027027027027027
within_boundary,67,subject_verb_agreement,irregular_plural_subject_verb_agreement_2,10,0.756
within_boundary,67,island_effects,left_branch_island_echo_question,10,0.516
within_boundary,67,island_effects,left_branch_island_simple_question,10,0.423
within_boundary,67,npi_licensing,npi_present_1,10,0.517
within_boundary,67,npi_licensing,npi_present_2,10,0.525
within_boundary,67,npi_licensing,only_npi_licensor_present,10,0.5
within_boundary,67,npi_licensing,only_npi_scope,10,0.456
within_boundary,67,argument_structure,passive_1,10,0.6974416017797553
within_boundary,67,argument_structure,passive_2,10,0.6769911504424779
within_boundary,67,binding,principle_A_c_command,10,0.411
within_boundary,67,binding,principle_A_case_1,10,0.994
within_boundary,67,binding,principle_A_case_2,10,0.8663316582914573
within_boundary,67,binding,principle_A_domain_1,10,0.979
within_boundary,67,binding,principle_A_domain_2,10,0.858
within_boundary,67,binding,principle_A_domain_3,10,0.534
within_boundary,67,binding,principle_A_reconstruction,10,0.14773869346733667
within_boundary,67,subject_verb_agreement,regular_plural_subject_verb_agreement_1,10,0.7489878542510121
within_boundary,67,subject_verb_agreement,regular_plural_subject_verb_agreement_2,10,0.733
within_boundary,67,npi_licensing,sentential_negation_npi_licensor_present,10,0.938
within_boundary,67,npi_licensing,sentential_negation_npi_scope,10,0.191
within_boundary,67,island_effects,sentential_subject_island,10,0.366
within_boundary,67,control_raising,tough_vs_raising_2,10,0.7190366972477065
within_boundary,67,argument_structure,transitive,10,0.6873278236914601
within_boundary,67,island_effects,wh_island,10,0.601
within_boundary,67,filler_gap,wh_questions_object_gap,10,0.5378151260504201
within_boundary,67,filler_gap,wh_questions_subject_gap,10,0.9008264462809917
within_boundary,67,filler_gap,wh_questions_subject_gap_long_distance,10,0.912
within_boundary,67,filler_gap,wh_vs_that_no_gap,10,0.8978102189781022
within_boundary,67,filler_gap,wh_vs_that_no_gap_long_distance,10,0.959
within_boundary,67,filler_gap,wh_vs_that_with_gap,10,0.34782608695652173
within_boundary,67,filler_gap,wh_vs_that_with_gap_long_distance,10,0.101
within_boundary,67,island_effects,adjunct_island,10,0.76
within_boundary,67,anaphor_agreement,anaphor_gender_agreement,10,0.702
within_boundary,67,anaphor_agreement,anaphor_number_agreement,10,0.903
more_function,42,argument_structure,animate_subject_passive,10,0.623
more_function,42,argument_structure,animate_subject_trans,10,0.8
more_function,42,argument_structure,causative,10,0.7148760330578512
more_function,42,island_effects,complex_NP_island,10,0.541
more_function,42,island_effects,coordinate_structure_constraint_complex_left_branch,10,0.345
more_function,42,island_effects,coordinate_structure_constraint_object_extraction,10,0.6730769230769231
more_function,42,control_raising,tough_vs_raising_1,10,0.6159822419533851
more_function,42,subject_verb_agreement,distractor_agreement_relational_noun,10,0.49114331723027377
more_function,42,subject_verb_agreement,distractor_agreement_relative_clause,10,0.42196531791907516
more_function,42,argument_structure,drop_argument,10,0.6142506142506142
more_function,42,ellipsis,ellipsis_n_bar_1,10,0.66
more_function,42,ellipsis,ellipsis_n_bar_2,10,0.8338430173292558
more_function,42,control_raising,existential_there_object_raising,10,0.6879505664263645
more_function,42,control_raising,existential_there_subject_raising,10,0.6365614798694232
more_function,42,control_raising,expletive_it_object_raising,10,0.6852207293666027
more_function,42,argument_structure,inchoative,10,0.7252195734002509
more_function,42,argument_structure,intransitive,10,0.758893280632411
more_function,42,irregular_forms,irregular_past_participle_adjectives,10,0.545
more_function,42,irregular_forms,irregular_past_participle_verbs,10,0.814
more_function,42,subject_verb_agreement,irregular_plural_subject_verb_agreement_1,10,0.545045045045045
more_function,42,subject_verb_agreement,irregular_plural_subject_verb_agreement_2,10,0.675
more_function,42,island_effects,left_branch_island_echo_question,10,0.617
more_function,42,island_effects,left_branch_island_simple_question,10,0.349
more_function,42,npi_licensing,npi_present_1,10,0.503
more_function,42,npi_licensing,npi_present_2,10,0.515
more_function,42,npi_licensing,only_npi_licensor_present,10,0.803
more_function,42,npi_licensing,only_npi_scope,10,0.47
more_function,42,argument_structure,passive_1,10,0.5850945494994438
more_function,42,argument_structure,passive_2,10,0.5055309734513275
more_function,42,binding,principle_A_c_command,10,0.421
more_function,42,binding,principle_A_case_1,10,0.999
more_function,42,binding,principle_A_case_2,10,0.9115577889447236
more_function,42,binding,principle_A_domain_1,10,0.984
more_function,42,binding,principle_A_domain_2,10,0.866
more_function,42,binding,principle_A_domain_3,10,0.529
more_function,42,binding,principle_A_reconstruction,10,0.26030150753768844
more_function,42,subject_verb_agreement,regular_plural_subject_verb_agreement_1,10,0.7678812415654521
more_function,42,subject_verb_agreement,regular_plural_subject_verb_agreement_2,10,0.61
more_function,42,npi_licensing,sentential_negation_npi_licensor_present,10,0.996
more_function,42,npi_licensing,sentential_negation_npi_scope,10,0.391
more_function,42,island_effects,sentential_subject_island,10,0.351
more_function,42,control_raising,tough_vs_raising_2,10,0.6307339449541285
more_function,42,argument_structure,transitive,10,0.5977961432506887
more_function,42,island_effects,wh_island,10,0.441
more_function,42,filler_gap,wh_questions_object_gap,10,0.2773109243697479
more_function,42,filler_gap,wh_questions_subject_gap,10,0.5289256198347108
more_function,42,filler_gap,wh_questions_subject_gap_long_distance,10,0.667
more_function,42,filler_gap,wh_vs_that_no_gap,10,0.43795620437956206
more_function,42,filler_gap,wh_vs_that_no_gap_long_distance,10,0.844
more_function,42,filler_gap,wh_vs_that_with_gap,10,0.9130434782608695
more_function,42,filler_gap,wh_vs_that_with_gap_long_distance,10,0.378
more_function,42,island_effects,adjunct_island,10,0.797
more_function,42,anaphor_agreement,anaphor_gender_agreement,10,0.672
more_function,42,anaphor_agreement,anaphor_number_agreement,10,0.885
more_function,53,argument_structure,animate_subject_passive,10,0.45
more_function,53,argument_structure,animate_subject_trans,10,0.5333333333333333
more_function,53,argument_structure,causative,10,0.4452479338842975
more_function,53,island_effects,complex_NP_island,10,0.386
more_function,53,island_effects,coordinate_structure_constraint_complex_left_branch,10,0.562
more_function,53,island_effects,coordinate_structure_constraint_object_extraction,10,0.3141025641025641
more_function,53,control_raising,tough_vs_raising_1,10,0.683684794672586
more_function,53,subject_verb_agreement,distractor_agreement_relational_noun,10,0.4895330112721417
more_function,53,subject_verb_agreement,distractor_agreement_relative_clause,10,0.46965317919075145
more_function,53,argument_structure,drop_argument,10,0.5651105651105651
more_function,53,ellipsis,ellipsis_n_bar_1,10,0.579
more_function,53,ellipsis,ellipsis_n_bar_2,10,0.4026503567787971
more_function,53,control_raising,existential_there_object_raising,10,0.537590113285273
more_function,53,control_raising,existential_there_subject_raising,10,0.48313384113166485
more_function,53,control_raising,expletive_it_object_raising,10,0.525911708253359
more_function,53,argument_structure,inchoative,10,0.4178168130489335
more_function,53,argument_structure,intransitive,10,0.45454545454545453
more_function,53,irregular_forms,irregular_past_participle_adjectives,10,0.523
more_function,53,irregular_forms,irregular_past_participle_verbs,10,0.527
more_function,53,subject_verb_agreement,irregular_plural_subject_verb_agreement_1,10,0.503003003003003
more_function,53,subject_verb_agreement,irregular_plural_subject_verb_agreement_2,10,0.494
more_function,53,island_effects,left_branch_island_echo_question,10,0.22
more_function,53,island_effects,left_branch_island_simple_question,10,0.638
more_function,53,npi_licensing,npi_present_1,10,0.357
more_function,53,npi_licensing,npi_present_2,10,0.451
more_function,53,npi_licensing,only_npi_licensor_present,10,0.444
more_function,53,npi_licensing,only_npi_scope,10,0.352
more_function,53,argument_structure,passive_1,10,0.5695216907675195
more_function,53,argument_structure,passive_2,10,0.5984513274336283
more_function,53,binding,principle_A_c_command,10,0.495
more_function,53,binding,principle_A_case_1,10,0.897
more_function,53,binding,principle_A_case_2,10,0.44221105527638194
more_function,53,binding,principle_A_domain_1,10,0.777
more_function,53,binding,principle_A_domain_2,10,0.429
more_function,53,binding,principle_A_domain_3,10,0.5
more_function,53,binding,principle_A_reconstruction,10,0.43618090452261304
more_function,53,subject_verb_agreement,regular_plural_subject_verb_agreement_1,10,0.6194331983805668
more_function,53,subject_verb_agreement,regular_plural_subject_verb_agreement_2,10,0.502
more_function,53,npi_licensing,sentential_negation_npi_licensor_present,10,0.863
more_function,53,npi_licensing,sentential_negation_npi_scope,10,0.662
more_function,53,island_effects,sentential_subject_island,10,0.497
more_function,53,control_raising,tough_vs_raising_2,10,0.3038990825688073
more_function,53,argument_structure,transitive,10,0.5964187327823691
more_function,53,island_effects,wh_island,10,0.544
more_function,53,filler_gap,wh_questions_object_gap,10,0.5378151260504201
more_function,53,filler_gap,wh_questions_subject_gap,10,0.4380165289256198
more_function,53,filler_gap,wh_questions_subject_gap_long_distance,10,0.531
more_function,53,filler_gap,wh_vs_that_no_gap,10,0.45985401459854014
more_function,53,filler_gap,wh_vs_that_no_gap_long_distance,10,0.551
more_function,53,filler_gap,wh_vs_that_with_gap,10,0.4673913043478261
more_function,53,filler_gap,wh_vs_that_with_gap_long_distance,10,0.33
more_function,53,island_effects,adjunct_island,10,0.542
more_function,53,anaphor_agreement,anaphor_gender_agreement,10,0.655
more_function,53,anaphor_agreement,anaphor_number_agreement,10,0.576
more_function,67,argument_structure,animate_subject_passive,10,0.645
more_function,67,argument_structure,animate_subject_trans,10,0.7647058823529411
more_function,67,argument_structure,causative,10,0.7004132231404959
more_function,67,island_effects,complex_NP_island,10,0.567
more_function,67,island_effects,coordinate_structure_constraint_complex_left_branch,10,0.268
more_function,67,island_effects,coordinate_structure_constraint_object_extraction,10,0.7435897435897436
more_function,67,control_raising,tough_vs_raising_1,10,0.5427302996670367
more_function,67,subject_verb_agreement,distractor_agreement_relational_noun,10,0.4605475040257649
more_function,67,subject_verb_agreement,distractor_agreement_relative_clause,10,0.4234104046242775
more_function,67,argument_structure,drop_argument,10,0.6216216216216216
more_function,67,ellipsis,ellipsis_n_bar_1,10,0.681
more_function,67,ellipsis,ellipsis_n_bar_2,10,0.8318042813455657
more_function,67,control_raising,existential_there_object_raising,10,0.7023686920700309
more_function,67,control_raising,existential_there_subject_raising,10,0.6137105549510338
more_function,67,control_raising,expletive_it_object_raising,10,0.727447216890595
more_function,67,argument_structure,inchoative,10,0.7302383939774153
more_function,67,argument_structure,intransitive,10,0.7470355731225297
more_function,67,irregular_forms,irregular_past_participle_adjectives,10,0.52
more_function,67,irregular_forms,irregular_past_participle_verbs,10,0.846
more_function,67,subject_verb_agreement,irregular_plural_subject_verb_agreement_1,10,0.56006006006006
more_function,67,subject_verb_agreement,irregular_plural_subject_verb_agreement_2,10,0.621
more_function,67,island_effects,left_branch_island_echo_question,10,0.612
more_function,67,island_effects,left_branch_island_simple_question,10,0.305
more_function,67,npi_licensing,npi_present_1,10,0.469
more_function,67,npi_licensing,npi_present_2,10,0.51
more_function,67,npi_licensing,only_npi_licensor_present,10,0.504
more_function,67,npi_licensing,only_npi_scope,10,0.513
more_function,67,argument_structure,passive_1,10,0.5561735261401557
more_function,67,argument_structure,passive_2,10,0.5110619469026548
more_function,67,binding,principle_A_c_command,10,0.432
more_function,67,binding,principle_A_case_1,10,0.999
more_function,67,binding,principle_A_case_2,10,0.9085427135678392
more_function,67,binding,principle_A_domain_1,10,0.988
more_function,67,binding,principle_A_domain_2,10,0.843
more_function,67,binding,principle_A_domain_3,10,0.528
more_function,67,binding,principle_A_reconstruction,10,0.25025125628140704
more_function,67,subject_verb_agreement,regular_plural_subject_verb_agreement_1,10,0.7557354925775979
more_function,67,subject_verb_agreement,regular_plural_subject_verb_agreement_2,10,0.643
more_function,67,npi_licensing,sentential_negation_npi_licensor_present,10,0.989
more_function,67,npi_licensing,sentential_negation_npi_scope,10,0.333
more_function,67,island_effects,sentential_subject_island,10,0.405
more_function,67,control_raising,tough_vs_raising_2,10,0.6811926605504587
more_function,67,argument_structure,transitive,10,0.5895316804407713
more_function,67,island_effects,wh_island,10,0.416
more_function,67,filler_gap,wh_questions_object_gap,10,0.2605042016806723
more_function,67,filler_gap,wh_questions_subject_gap,10,0.4380165289256198
more_function,67,filler_gap,wh_questions_subject_gap_long_distance,10,0.598
more_function,67,filler_gap,wh_vs_that_no_gap,10,0.43795620437956206
more_function,67,filler_gap,wh_vs_that_no_gap_long_distance,10,0.802
more_function,67,filler_gap,wh_vs_that_with_gap,10,0.9130434782608695
more_function,67,filler_gap,wh_vs_that_with_gap_long_distance,10,0.436
more_function,67,island_effects,adjunct_island,10,0.774
more_function,67,anaphor_agreement,anaphor_gender_agreement,10,0.602
more_function,67,anaphor_agreement,anaphor_number_agreement,10,0.848
bigram_function,42,island_effects,adjunct_island,10,0.81
bigram_function,42,anaphor_agreement,anaphor_gender_agreement,10,0.911
bigram_function,42,anaphor_agreement,anaphor_number_agreement,10,0.952
bigram_function,42,argument_structure,animate_subject_passive,10,0.588
bigram_function,42,argument_structure,animate_subject_trans,10,0.8392156862745098
bigram_function,42,argument_structure,causative,10,0.6807851239669421
bigram_function,42,island_effects,complex_NP_island,10,0.473
bigram_function,42,island_effects,coordinate_structure_constraint_complex_left_branch,10,0.589
bigram_function,42,island_effects,coordinate_structure_constraint_object_extraction,10,0.33974358974358976
bigram_function,42,subject_verb_agreement,distractor_agreement_relational_noun,10,0.4943639291465378
bigram_function,42,subject_verb_agreement,distractor_agreement_relative_clause,10,0.40173410404624277
bigram_function,42,argument_structure,drop_argument,10,0.5872235872235873
bigram_function,42,ellipsis,ellipsis_n_bar_1,10,0.644
bigram_function,42,ellipsis,ellipsis_n_bar_2,10,0.7380224260958206
bigram_function,42,control_raising,existential_there_object_raising,10,0.7445932028836252
bigram_function,42,control_raising,existential_there_subject_raising,10,0.6822633297062024
bigram_function,42,control_raising,expletive_it_object_raising,10,0.690978886756238
bigram_function,42,argument_structure,inchoative,10,0.6687578419071518
bigram_function,42,argument_structure,intransitive,10,0.7312252964426877
bigram_function,42,irregular_forms,irregular_past_participle_adjectives,10,0.862
bigram_function,42,irregular_forms,irregular_past_participle_verbs,10,0.829
bigram_function,42,subject_verb_agreement,irregular_plural_subject_verb_agreement_1,10,0.5525525525525525
bigram_function,42,subject_verb_agreement,irregular_plural_subject_verb_agreement_2,10,0.608
bigram_function,42,island_effects,left_branch_island_echo_question,10,0.596
bigram_function,42,island_effects,left_branch_island_simple_question,10,0.406
bigram_function,42,npi_licensing,npi_present_1,10,0.384
bigram_function,42,npi_licensing,npi_present_2,10,0.426
bigram_function,42,npi_licensing,only_npi_licensor_present,10,0.641
bigram_function,42,npi_licensing,only_npi_scope,10,0.442
bigram_function,42,argument_structure,passive_1,10,0.4827586206896552
bigram_function,42,argument_structure,passive_2,10,0.5210176991150443
bigram_function,42,binding,principle_A_c_command,10,0.385
bigram_function,42,binding,principle_A_case_1,10,0.995
bigram_function,42,binding,principle_A_case_2,10,0.7095477386934673
bigram_function,42,binding,principle_A_domain_1,10,0.982
bigram_function,42,binding,principle_A_domain_2,10,0.674
bigram_function,42,binding,principle_A_domain_3,10,0.623
bigram_function,42,binding,principle_A_reconstruction,10,0.2864321608040201
bigram_function,42,subject_verb_agreement,regular_plural_subject_verb_agreement_1,10,0.7881241565452092
bigram_function,42,subject_verb_agreement,regular_plural_subject_verb_agreement_2,10,0.562
bigram_function,42,npi_licensing,sentential_negation_npi_licensor_present,10,0.991
bigram_function,42,npi_licensing,sentential_negation_npi_scope,10,0.368
bigram_function,42,island_effects,sentential_subject_island,10,0.275
bigram_function,42,control_raising,tough_vs_raising_1,10,0.4827968923418424
bigram_function,42,control_raising,tough_vs_raising_2,10,0.5665137614678899
bigram_function,42,argument_structure,transitive,10,0.5909090909090909
bigram_function,42,island_effects,wh_island,10,0.441
bigram_function,42,filler_gap,wh_questions_object_gap,10,0.7226890756302521
bigram_function,42,filler_gap,wh_questions_subject_gap,10,0.9090909090909091
bigram_function,42,filler_gap,wh_questions_subject_gap_long_distance,10,0.917
bigram_function,42,filler_gap,wh_vs_that_no_gap,10,0.9708029197080292
bigram_function,42,filler_gap,wh_vs_that_no_gap_long_distance,10,0.988
bigram_function,42,filler_gap,wh_vs_that_with_gap,10,0.08695652173913043
bigram_function,42,filler_gap,wh_vs_that_with_gap_long_distance,10,0.046
bigram_function,53,island_effects,adjunct_island,10,0.838
bigram_function,53,anaphor_agreement,anaphor_gender_agreement,10,0.9
bigram_function,53,anaphor_agreement,anaphor_number_agreement,10,0.943
bigram_function,53,argument_structure,animate_subject_passive,10,0.576
bigram_function,53,argument_structure,animate_subject_trans,10,0.8588235294117647
bigram_function,53,argument_structure,causative,10,0.6456611570247934
bigram_function,53,island_effects,complex_NP_island,10,0.469
bigram_function,53,island_effects,coordinate_structure_constraint_complex_left_branch,10,0.623
bigram_function,53,island_effects,coordinate_structure_constraint_object_extraction,10,0.34615384615384615
bigram_function,53,subject_verb_agreement,distractor_agreement_relational_noun,10,0.4669887278582931
bigram_function,53,subject_verb_agreement,distractor_agreement_relative_clause,10,0.41329479768786126
bigram_function,53,argument_structure,drop_argument,10,0.5995085995085995
bigram_function,53,ellipsis,ellipsis_n_bar_1,10,0.704
bigram_function,53,ellipsis,ellipsis_n_bar_2,10,0.7471967380224261
bigram_function,53,control_raising,existential_there_object_raising,10,0.7394438722966015
bigram_function,53,control_raising,existential_there_subject_raising,10,0.6681175190424374
bigram_function,53,control_raising,expletive_it_object_raising,10,0.6813819577735125
bigram_function,53,argument_structure,inchoative,10,0.6925972396486826
bigram_function,53,argument_structure,intransitive,10,0.7213438735177866
bigram_function,53,irregular_forms,irregular_past_participle_adjectives,10,0.823
bigram_function,53,irregular_forms,irregular_past_participle_verbs,10,0.854
bigram_function,53,subject_verb_agreement,irregular_plural_subject_verb_agreement_1,10,0.575075075075075
bigram_function,53,subject_verb_agreement,irregular_plural_subject_verb_agreement_2,10,0.634
bigram_function,53,island_effects,left_branch_island_echo_question,10,0.631
bigram_function,53,island_effects,left_branch_island_simple_question,10,0.425
bigram_function,53,npi_licensing,npi_present_1,10,0.408
bigram_function,53,npi_licensing,npi_present_2,10,0.467
bigram_function,53,npi_licensing,only_npi_licensor_present,10,0.614
bigram_function,53,npi_licensing,only_npi_scope,10,0.501
bigram_function,53,argument_structure,passive_1,10,0.47052280311457173
bigram_function,53,argument_structure,passive_2,10,0.5276548672566371
bigram_function,53,binding,principle_A_c_command,10,0.379
bigram_function,53,binding,principle_A_case_1,10,0.992
bigram_function,53,binding,principle_A_case_2,10,0.7788944723618091
bigram_function,53,binding,principle_A_domain_1,10,0.987
bigram_function,53,binding,principle_A_domain_2,10,0.716
bigram_function,53,binding,principle_A_domain_3,10,0.619
bigram_function,53,binding,principle_A_reconstruction,10,0.30452261306532663
bigram_function,53,subject_verb_agreement,regular_plural_subject_verb_agreement_1,10,0.7800269905533064
bigram_function,53,subject_verb_agreement,regular_plural_subject_verb_agreement_2,10,0.564
bigram_function,53,npi_licensing,sentential_negation_npi_licensor_present,10,0.998
bigram_function,53,npi_licensing,sentential_negation_npi_scope,10,0.377
bigram_function,53,island_effects,sentential_subject_island,10,0.306
bigram_function,53,control_raising,tough_vs_raising_1,10,0.4328523862375139
bigram_function,53,control_raising,tough_vs_raising_2,10,0.5825688073394495
bigram_function,53,argument_structure,transitive,10,0.5853994490358126
bigram_function,53,island_effects,wh_island,10,0.467
bigram_function,53,filler_gap,wh_questions_object_gap,10,0.6974789915966386
bigram_function,53,filler_gap,wh_questions_subject_gap,10,0.9504132231404959
bigram_function,53,filler_gap,wh_questions_subject_gap_long_distance,10,0.91
bigram_function,53,filler_gap,wh_vs_that_no_gap,10,0.948905109489051
bigram_function,53,filler_gap,wh_vs_that_no_gap_long_distance,10,0.983
bigram_function,53,filler_gap,wh_vs_that_with_gap,10,0.09782608695652174
bigram_function,53,filler_gap,wh_vs_that_with_gap_long_distance,10,0.058
bigram_function,67,island_effects,adjunct_island,10,0.797
bigram_function,67,anaphor_agreement,anaphor_gender_agreement,10,0.889
bigram_function,67,anaphor_agreement,anaphor_number_agreement,10,0.939
bigram_function,67,argument_structure,animate_subject_passive,10,0.571
bigram_function,67,argument_structure,animate_subject_trans,10,0.8313725490196079
bigram_function,67,argument_structure,causative,10,0.6539256198347108
bigram_function,67,island_effects,complex_NP_island,10,0.459
bigram_function,67,island_effects,coordinate_structure_constraint_complex_left_branch,10,0.569
bigram_function,67,island_effects,coordinate_structure_constraint_object_extraction,10,0.30128205128205127
bigram_function,67,subject_verb_agreement,distractor_agreement_relational_noun,10,0.47342995169082125
bigram_function,67,subject_verb_agreement,distractor_agreement_relative_clause,10,0.3988439306358382
bigram_function,67,argument_structure,drop_argument,10,0.6216216216216216
bigram_function,67,ellipsis,ellipsis_n_bar_1,10,0.68
bigram_function,67,ellipsis,ellipsis_n_bar_2,10,0.7543323139653415
bigram_function,67,control_raising,existential_there_object_raising,10,0.7322348094747683
bigram_function,67,control_raising,existential_there_subject_raising,10,0.6822633297062024
bigram_function,67,control_raising,expletive_it_object_raising,10,0.6756238003838771
bigram_function,67,argument_structure,inchoative,10,0.6700125470514429
bigram_function,67,argument_structure,intransitive,10,0.7055335968379447
bigram_function,67,irregular_forms,irregular_past_participle_adjectives,10,0.837
bigram_function,67,irregular_forms,irregular_past_participle_verbs,10,0.82
bigram_function,67,subject_verb_agreement,irregular_plural_subject_verb_agreement_1,10,0.5765765765765766
bigram_function,67,subject_verb_agreement,irregular_plural_subject_verb_agreement_2,10,0.596
bigram_function,67,island_effects,left_branch_island_echo_question,10,0.618
bigram_function,67,island_effects,left_branch_island_simple_question,10,0.407
bigram_function,67,npi_licensing,npi_present_1,10,0.374
bigram_function,67,npi_licensing,npi_present_2,10,0.424
bigram_function,67,npi_licensing,only_npi_licensor_present,10,0.624
bigram_function,67,npi_licensing,only_npi_scope,10,0.5
bigram_function,67,argument_structure,passive_1,10,0.48053392658509453
bigram_function,67,argument_structure,passive_2,10,0.5243362831858407
bigram_function,67,binding,principle_A_c_command,10,0.374
bigram_function,67,binding,principle_A_case_1,10,0.996
bigram_function,67,binding,principle_A_case_2,10,0.7095477386934673
bigram_function,67,binding,principle_A_domain_1,10,0.989
bigram_function,67,binding,principle_A_domain_2,10,0.689
bigram_function,67,binding,principle_A_domain_3,10,0.609
bigram_function,67,binding,principle_A_reconstruction,10,0.30452261306532663
bigram_function,67,subject_verb_agreement,regular_plural_subject_verb_agreement_1,10,0.805668016194332
bigram_function,67,subject_verb_agreement,regular_plural_subject_verb_agreement_2,10,0.547
bigram_function,67,npi_licensing,sentential_negation_npi_licensor_present,10,0.997
bigram_function,67,npi_licensing,sentential_negation_npi_scope,10,0.337
bigram_function,67,island_effects,sentential_subject_island,10,0.281
bigram_function,67,control_raising,tough_vs_raising_1,10,0.5027746947835738
bigram_function,67,control_raising,tough_vs_raising_2,10,0.5527522935779816
bigram_function,67,argument_structure,transitive,10,0.5950413223140496
bigram_function,67,island_effects,wh_island,10,0.428
bigram_function,67,filler_gap,wh_questions_object_gap,10,0.7058823529411765
bigram_function,67,filler_gap,wh_questions_subject_gap,10,0.9173553719008265
bigram_function,67,filler_gap,wh_questions_subject_gap_long_distance,10,0.891
bigram_function,67,filler_gap,wh_vs_that_no_gap,10,0.9708029197080292
bigram_function,67,filler_gap,wh_vs_that_no_gap_long_distance,10,0.971
bigram_function,67,filler_gap,wh_vs_that_with_gap,10,0.15217391304347827
bigram_function,67,filler_gap,wh_vs_that_with_gap_long_distance,10,0.062
natural_function,42,overall,overall,10,0.6753746807038942
natural_function,53,overall,overall,10,0.6736628052347713
natural_function,67,overall,overall,10,0.6712167589700991
no_function,42,overall,overall,10,0.5615629695061385
no_function,53,overall,overall,10,0.5646820340218718
no_function,67,overall,overall,10,0.5674865144404576
random_function,42,overall,overall,10,0.6230283105034431
random_function,53,overall,overall,10,0.6002831022657975
random_function,67,overall,overall,10,0.598448178819869
five_function,42,overall,overall,10,0.6474251056999089
five_function,53,overall,overall,10,0.6388110680548454
five_function,67,overall,overall,10,0.6393404180395516
within_boundary,42,overall,overall,10,0.6679899889487759
within_boundary,53,overall,overall,10,0.6588209806333925
within_boundary,67,overall,overall,10,0.6443238804294515
more_function,42,overall,overall,10,0.6279844539927003
more_function,53,overall,overall,10,0.5116390673567967
more_function,67,overall,overall,10,0.6142350581693837
bigram_function,42,overall,overall,10,0.623649983397782
bigram_function,53,overall,overall,10,0.6310861617253484
bigram_function,67,overall,overall,10,0.6217304471124812
